This is XeTeX, Version 3.141592653-2.6-0.999997 (MiKTeX 25.12) (preloaded format=xelatex 2026.8.5)  14 SEP 2026 09:14
entering extended mode
 restricted \write18 enabled.
 %&-line parsing enabled.
**./main.tex
(main.tex
LaTeX2e <2025-11-01>
L3 programming layer <2025-12-24>
(C:\Users\thanh\AppData\Local\Programs\MiKTeX\tex/latex/base\book.cls
Document Class: book 2025/01/22 v1.4n Standard LaTeX document class
(C:\Users\thanh\AppData\Local\Programs\MiKTeX\tex/latex/base\fleqn.clo
File: fleqn.clo 2016/12/29 v1.2b Standard LaTeX option (flush left equations)
\mathindent=\skip49
Applying: [2015/01/01] Make \[ robust on input line 50.
LaTeX Info: Redefining \[ on input line 51.
Already applied: [0000/00/00] Make \[ robust on input line 62.
Applying: [2015/01/01] Make \] robust on input line 74.
LaTeX Info: Redefining \] on input line 75.
Already applied: [0000/00/00] Make \] robust on input line 83.
)
(C:\Users\thanh\AppData\Local\Programs\MiKTeX\tex/latex/base\bk11.clo
File: bk11.clo 2025/01/22 v1.4n Standard LaTeX file (size option)
)
\c@part=\count271
\c@chapter=\count272
\c@section=\count273
\c@subsection=\count274
\c@subsubsection=\count275
\c@paragraph=\count276
\c@subparagraph=\count277
\c@figure=\count278
\c@table=\count279
\abovecaptionskip=\skip50
\belowcaptionskip=\skip51
\bibindent=\dimen148
)
(structure.tex
(C:\Users\thanh\AppData\Local\Programs\MiKTeX\tex/latex/geometry\geometry.sty
Package: geometry 2026/03/07 v6.0 Page Geometry

(C:\Users\thanh\AppData\Local\Programs\MiKTeX\tex/latex/graphics\keyval.sty
Package: keyval 2022/05/29 v1.15 key=value parser (DPC)
\KV@toks@=\toks17
)
(C:\Users\thanh\AppData\Local\Programs\MiKTeX\tex/generic/iftex\ifvtex.sty
Package: ifvtex 2019/10/25 v1.7 ifvtex legacy package. Use iftex instead.

(C:\Users\thanh\AppData\Local\Programs\MiKTeX\tex/generic/iftex\iftex.sty
Package: iftex 2024/12/12 v1.0g TeX engine tests
))
\Gm@cnth=\count280
\Gm@cntv=\count281
\c@Gm@tempcnt=\count282
\Gm@bindingoffset=\dimen149
\Gm@wd@mp=\dimen150
\Gm@odd@mp=\dimen151
\Gm@even@mp=\dimen152
\Gm@layoutwidth=\dimen153
\Gm@layoutheight=\dimen154
\Gm@layouthoffset=\dimen155
\Gm@layoutvoffset=\dimen156
\Gm@dimlist=\toks18

(C:\Users\thanh\AppData\Local\Programs\MiKTeX\tex/latex/geometry\geometry.cfg))
(C:\Users\thanh\AppData\Local\Programs\MiKTeX\tex/latex/graphics\graphicx.sty
Package: graphicx 2024/12/31 v1.2e Enhanced LaTeX Graphics (DPC,SPQR)

(C:\Users\thanh\AppData\Local\Programs\MiKTeX\tex/latex/graphics\graphics.sty
Package: graphics 2024/08/06 v1.4g Standard LaTeX Graphics (DPC,SPQR)

(C:\Users\thanh\AppData\Local\Programs\MiKTeX\tex/latex/graphics\trig.sty
Package: trig 2023/12/02 v1.11 sin cos tan (DPC)
)
(C:\Users\thanh\AppData\Local\Programs\MiKTeX\tex/latex/graphics-cfg\graphics.c
fg
File: graphics.cfg 2016/06/04 v1.11 sample graphics configuration
)
Package graphics Info: Driver file: xetex.def on input line 106.

(C:\Users\thanh\AppData\Local\Programs\MiKTeX\tex/latex/graphics-def\xetex.def
File: xetex.def 2025/11/01 v5.0p Graphics/color driver for xetex
))
\Gin@req@height=\dimen157
\Gin@req@width=\dimen158
) (C:\Users\thanh\AppData\Local\Programs\MiKTeX\tex/latex/lipsum\lipsum.sty
(C:\Users\thanh\AppData\Local\Programs\MiKTeX\tex/latex/l3packages/l3keys2e\l3k
eys2e.sty
(C:\Users\thanh\AppData\Local\Programs\MiKTeX\tex/latex/l3kernel\expl3.sty
Package: expl3 2025-12-24 L3 programming layer (loader) 

(C:\Users\thanh\AppData\Local\Programs\MiKTeX\tex/latex/l3backend\l3backend-xet
ex.def
File: l3backend-xetex.def 2025-10-09 L3 backend support: XeTeX
\g__graphics_track_int=\count283
\g__pdfannot_backend_int=\count284
\g__pdfannot_backend_link_int=\count285
))
Package: l3keys2e 2025-10-09 LaTeX2e option processing using LaTeX3 keys
)
Package: lipsum 2021-09-20 v2.7 150 paragraphs of Lorem Ipsum dummy text
\g__lipsum_par_int=\count286
\l__lipsum_a_int=\count287
\l__lipsum_b_int=\count288

(C:\Users\thanh\AppData\Local\Programs\MiKTeX\tex/latex/lipsum\lipsum.ltd.tex))

(C:\Users\thanh\AppData\Local\Programs\MiKTeX\tex/latex/pgf/frontendlayer\tikz.
sty
(C:\Users\thanh\AppData\Local\Programs\MiKTeX\tex/latex/pgf/basiclayer\pgf.sty
(C:\Users\thanh\AppData\Local\Programs\MiKTeX\tex/latex/pgf/utilities\pgfrcs.st
y
(C:\Users\thanh\AppData\Local\Programs\MiKTeX\tex/generic/pgf/utilities\pgfutil
-common.tex
\pgfutil@everybye=\toks19
\pgfutil@tempdima=\dimen159
\pgfutil@tempdimb=\dimen160
)
(C:\Users\thanh\AppData\Local\Programs\MiKTeX\tex/generic/pgf/utilities\pgfutil
-latex.def
\pgfutil@abb=\box53
)
(C:\Users\thanh\AppData\Local\Programs\MiKTeX\tex/generic/pgf/utilities\pgfrcs.
code.tex
(C:\Users\thanh\AppData\Local\Programs\MiKTeX\tex/generic/pgf\pgf.revision.tex)
Package: pgfrcs 2025-08-29 v3.1.11a (3.1.11a)
))
Package: pgf 2025-08-29 v3.1.11a (3.1.11a)

(C:\Users\thanh\AppData\Local\Programs\MiKTeX\tex/latex/pgf/basiclayer\pgfcore.
sty
(C:\Users\thanh\AppData\Local\Programs\MiKTeX\tex/latex/pgf/systemlayer\pgfsys.
sty
(C:\Users\thanh\AppData\Local\Programs\MiKTeX\tex/generic/pgf/systemlayer\pgfsy
s.code.tex
Package: pgfsys 2025-08-29 v3.1.11a (3.1.11a)

(C:\Users\thanh\AppData\Local\Programs\MiKTeX\tex/generic/pgf/utilities\pgfkeys
.code.tex
\pgfkeys@pathtoks=\toks20
\pgfkeys@temptoks=\toks21

(C:\Users\thanh\AppData\Local\Programs\MiKTeX\tex/generic/pgf/utilities\pgfkeys
libraryfiltered.code.tex
\pgfkeys@tmptoks=\toks22
))
\pgf@x=\dimen161
\pgf@y=\dimen162
\pgf@xa=\dimen163
\pgf@ya=\dimen164
\pgf@xb=\dimen165
\pgf@yb=\dimen166
\pgf@xc=\dimen167
\pgf@yc=\dimen168
\pgf@xd=\dimen169
\pgf@yd=\dimen170
\w@pgf@writea=\write3
\r@pgf@reada=\read2
\c@pgf@counta=\count289
\c@pgf@countb=\count290
\c@pgf@countc=\count291
\c@pgf@countd=\count292
\t@pgf@toka=\toks23
\t@pgf@tokb=\toks24
\t@pgf@tokc=\toks25
\pgf@sys@id@count=\count293

(C:\Users\thanh\AppData\Local\Programs\MiKTeX\tex/generic/pgf/systemlayer\pgf.c
fg
File: pgf.cfg 2025-08-29 v3.1.11a (3.1.11a)
)
Driver file for pgf: pgfsys-xetex.def

(C:\Users\thanh\AppData\Local\Programs\MiKTeX\tex/generic/pgf/systemlayer\pgfsy
s-xetex.def
File: pgfsys-xetex.def 2025-08-29 v3.1.11a (3.1.11a)

(C:\Users\thanh\AppData\Local\Programs\MiKTeX\tex/generic/pgf/systemlayer\pgfsy
s-dvipdfmx.def
File: pgfsys-dvipdfmx.def 2025-08-29 v3.1.11a (3.1.11a)

(C:\Users\thanh\AppData\Local\Programs\MiKTeX\tex/generic/pgf/systemlayer\pgfsy
s-common-pdf.def
File: pgfsys-common-pdf.def 2025-08-29 v3.1.11a (3.1.11a)
)
\pgfsys@objnum=\count294
)))
(C:\Users\thanh\AppData\Local\Programs\MiKTeX\tex/generic/pgf/systemlayer\pgfsy
ssoftpath.code.tex
File: pgfsyssoftpath.code.tex 2025-08-29 v3.1.11a (3.1.11a)
\pgfsyssoftpath@smallbuffer@items=\count295
\pgfsyssoftpath@bigbuffer@items=\count296
)
(C:\Users\thanh\AppData\Local\Programs\MiKTeX\tex/generic/pgf/systemlayer\pgfsy
sprotocol.code.tex
File: pgfsysprotocol.code.tex 2025-08-29 v3.1.11a (3.1.11a)
))
(C:\Users\thanh\AppData\Local\Programs\MiKTeX\tex/latex/xcolor\xcolor.sty
Package: xcolor 2024/09/29 v3.02 LaTeX color extensions (UK)

(C:\Users\thanh\AppData\Local\Programs\MiKTeX\tex/latex/graphics-cfg\color.cfg
File: color.cfg 2016/01/02 v1.6 sample color configuration
)
Package xcolor Info: Driver file: xetex.def on input line 274.
(C:\Users\thanh\AppData\Local\Programs\MiKTeX\tex/latex/graphics\mathcolor.ltx)
Package xcolor Info: Model `cmy' substituted by `cmy0' on input line 1349.
Package xcolor Info: Model `RGB' extended on input line 1365.
Package xcolor Info: Model `HTML' substituted by `rgb' on input line 1367.
Package xcolor Info: Model `Hsb' substituted by `hsb' on input line 1368.
Package xcolor Info: Model `tHsb' substituted by `hsb' on input line 1369.
Package xcolor Info: Model `HSB' substituted by `hsb' on input line 1370.
Package xcolor Info: Model `Gray' substituted by `gray' on input line 1371.
Package xcolor Info: Model `wave' substituted by `hsb' on input line 1372.
)
(C:\Users\thanh\AppData\Local\Programs\MiKTeX\tex/generic/pgf/basiclayer\pgfcor
e.code.tex
Package: pgfcore 2025-08-29 v3.1.11a (3.1.11a)

(C:\Users\thanh\AppData\Local\Programs\MiKTeX\tex/generic/pgf/math\pgfmath.code
.tex
(C:\Users\thanh\AppData\Local\Programs\MiKTeX\tex/generic/pgf/math\pgfmathutil.
code.tex)
(C:\Users\thanh\AppData\Local\Programs\MiKTeX\tex/generic/pgf/math\pgfmathparse
r.code.tex
\pgfmath@dimen=\dimen171
\pgfmath@count=\count297
\pgfmath@box=\box54
\pgfmath@toks=\toks26
\pgfmath@stack@operand=\toks27
\pgfmath@stack@operation=\toks28
)
(C:\Users\thanh\AppData\Local\Programs\MiKTeX\tex/generic/pgf/math\pgfmathfunct
ions.code.tex)
(C:\Users\thanh\AppData\Local\Programs\MiKTeX\tex/generic/pgf/math\pgfmathfunct
ions.basic.code.tex)
(C:\Users\thanh\AppData\Local\Programs\MiKTeX\tex/generic/pgf/math\pgfmathfunct
ions.trigonometric.code.tex)
(C:\Users\thanh\AppData\Local\Programs\MiKTeX\tex/generic/pgf/math\pgfmathfunct
ions.random.code.tex)
(C:\Users\thanh\AppData\Local\Programs\MiKTeX\tex/generic/pgf/math\pgfmathfunct
ions.comparison.code.tex)
(C:\Users\thanh\AppData\Local\Programs\MiKTeX\tex/generic/pgf/math\pgfmathfunct
ions.base.code.tex)
(C:\Users\thanh\AppData\Local\Programs\MiKTeX\tex/generic/pgf/math\pgfmathfunct
ions.round.code.tex)
(C:\Users\thanh\AppData\Local\Programs\MiKTeX\tex/generic/pgf/math\pgfmathfunct
ions.misc.code.tex)
(C:\Users\thanh\AppData\Local\Programs\MiKTeX\tex/generic/pgf/math\pgfmathfunct
ions.integerarithmetics.code.tex)
(C:\Users\thanh\AppData\Local\Programs\MiKTeX\tex/generic/pgf/math\pgfmathcalc.
code.tex)
(C:\Users\thanh\AppData\Local\Programs\MiKTeX\tex/generic/pgf/math\pgfmathfloat
.code.tex
\c@pgfmathroundto@lastzeros=\count298
))
(C:\Users\thanh\AppData\Local\Programs\MiKTeX\tex/generic/pgf/math\pgfint.code.
tex)
(C:\Users\thanh\AppData\Local\Programs\MiKTeX\tex/generic/pgf/basiclayer\pgfcor
epoints.code.tex
File: pgfcorepoints.code.tex 2025-08-29 v3.1.11a (3.1.11a)
\pgf@picminx=\dimen172
\pgf@picmaxx=\dimen173
\pgf@picminy=\dimen174
\pgf@picmaxy=\dimen175
\pgf@pathminx=\dimen176
\pgf@pathmaxx=\dimen177
\pgf@pathminy=\dimen178
\pgf@pathmaxy=\dimen179
\pgf@xx=\dimen180
\pgf@xy=\dimen181
\pgf@yx=\dimen182
\pgf@yy=\dimen183
\pgf@zx=\dimen184
\pgf@zy=\dimen185
)
(C:\Users\thanh\AppData\Local\Programs\MiKTeX\tex/generic/pgf/basiclayer\pgfcor
epathconstruct.code.tex
File: pgfcorepathconstruct.code.tex 2025-08-29 v3.1.11a (3.1.11a)
\pgf@path@lastx=\dimen186
\pgf@path@lasty=\dimen187
)
(C:\Users\thanh\AppData\Local\Programs\MiKTeX\tex/generic/pgf/basiclayer\pgfcor
epathusage.code.tex
File: pgfcorepathusage.code.tex 2025-08-29 v3.1.11a (3.1.11a)
\pgf@shorten@end@additional=\dimen188
\pgf@shorten@start@additional=\dimen189
)
(C:\Users\thanh\AppData\Local\Programs\MiKTeX\tex/generic/pgf/basiclayer\pgfcor
escopes.code.tex
File: pgfcorescopes.code.tex 2025-08-29 v3.1.11a (3.1.11a)
\pgfpic=\box55
\pgf@hbox=\box56
\pgf@layerbox@main=\box57
\pgf@picture@serial@count=\count299
)
(C:\Users\thanh\AppData\Local\Programs\MiKTeX\tex/generic/pgf/basiclayer\pgfcor
egraphicstate.code.tex
File: pgfcoregraphicstate.code.tex 2025-08-29 v3.1.11a (3.1.11a)
\pgflinewidth=\dimen190
)
(C:\Users\thanh\AppData\Local\Programs\MiKTeX\tex/generic/pgf/basiclayer\pgfcor
etransformations.code.tex
File: pgfcoretransformations.code.tex 2025-08-29 v3.1.11a (3.1.11a)
\pgf@pt@x=\dimen191
\pgf@pt@y=\dimen192
\pgf@pt@temp=\dimen193
)
(C:\Users\thanh\AppData\Local\Programs\MiKTeX\tex/generic/pgf/basiclayer\pgfcor
equick.code.tex
File: pgfcorequick.code.tex 2025-08-29 v3.1.11a (3.1.11a)
)
(C:\Users\thanh\AppData\Local\Programs\MiKTeX\tex/generic/pgf/basiclayer\pgfcor
eobjects.code.tex
File: pgfcoreobjects.code.tex 2025-08-29 v3.1.11a (3.1.11a)
)
(C:\Users\thanh\AppData\Local\Programs\MiKTeX\tex/generic/pgf/basiclayer\pgfcor
epathprocessing.code.tex
File: pgfcorepathprocessing.code.tex 2025-08-29 v3.1.11a (3.1.11a)
)
(C:\Users\thanh\AppData\Local\Programs\MiKTeX\tex/generic/pgf/basiclayer\pgfcor
earrows.code.tex
File: pgfcorearrows.code.tex 2025-08-29 v3.1.11a (3.1.11a)
\pgfarrowsep=\dimen194
)
(C:\Users\thanh\AppData\Local\Programs\MiKTeX\tex/generic/pgf/basiclayer\pgfcor
eshade.code.tex
File: pgfcoreshade.code.tex 2025-08-29 v3.1.11a (3.1.11a)
\pgf@max=\dimen195
\pgf@sys@shading@range@num=\count300
\pgf@shadingcount=\count301
)
(C:\Users\thanh\AppData\Local\Programs\MiKTeX\tex/generic/pgf/basiclayer\pgfcor
eimage.code.tex
File: pgfcoreimage.code.tex 2025-08-29 v3.1.11a (3.1.11a)
)
(C:\Users\thanh\AppData\Local\Programs\MiKTeX\tex/generic/pgf/basiclayer\pgfcor
eexternal.code.tex
File: pgfcoreexternal.code.tex 2025-08-29 v3.1.11a (3.1.11a)
\pgfexternal@startupbox=\box58
)
(C:\Users\thanh\AppData\Local\Programs\MiKTeX\tex/generic/pgf/basiclayer\pgfcor
elayers.code.tex
File: pgfcorelayers.code.tex 2025-08-29 v3.1.11a (3.1.11a)
)
(C:\Users\thanh\AppData\Local\Programs\MiKTeX\tex/generic/pgf/basiclayer\pgfcor
etransparency.code.tex
File: pgfcoretransparency.code.tex 2025-08-29 v3.1.11a (3.1.11a)
)
(C:\Users\thanh\AppData\Local\Programs\MiKTeX\tex/generic/pgf/basiclayer\pgfcor
epatterns.code.tex
File: pgfcorepatterns.code.tex 2025-08-29 v3.1.11a (3.1.11a)
)
(C:\Users\thanh\AppData\Local\Programs\MiKTeX\tex/generic/pgf/basiclayer\pgfcor
erdf.code.tex
File: pgfcorerdf.code.tex 2025-08-29 v3.1.11a (3.1.11a)
)))
(C:\Users\thanh\AppData\Local\Programs\MiKTeX\tex/generic/pgf/modules\pgfmodule
shapes.code.tex
File: pgfmoduleshapes.code.tex 2025-08-29 v3.1.11a (3.1.11a)
\pgfnodeparttextbox=\box59
)
(C:\Users\thanh\AppData\Local\Programs\MiKTeX\tex/generic/pgf/modules\pgfmodule
plot.code.tex
File: pgfmoduleplot.code.tex 2025-08-29 v3.1.11a (3.1.11a)
)
(C:\Users\thanh\AppData\Local\Programs\MiKTeX\tex/latex/pgf/compatibility\pgfco
mp-version-0-65.sty
Package: pgfcomp-version-0-65 2025-08-29 v3.1.11a (3.1.11a)
\pgf@nodesepstart=\dimen196
\pgf@nodesepend=\dimen197
)
(C:\Users\thanh\AppData\Local\Programs\MiKTeX\tex/latex/pgf/compatibility\pgfco
mp-version-1-18.sty
Package: pgfcomp-version-1-18 2025-08-29 v3.1.11a (3.1.11a)
))
(C:\Users\thanh\AppData\Local\Programs\MiKTeX\tex/latex/pgf/utilities\pgffor.st
y
(C:\Users\thanh\AppData\Local\Programs\MiKTeX\tex/latex/pgf/utilities\pgfkeys.s
ty
(C:\Users\thanh\AppData\Local\Programs\MiKTeX\tex/generic/pgf/utilities\pgfkeys
.code.tex))
(C:\Users\thanh\AppData\Local\Programs\MiKTeX\tex/latex/pgf/math\pgfmath.sty
(C:\Users\thanh\AppData\Local\Programs\MiKTeX\tex/generic/pgf/math\pgfmath.code
.tex))
(C:\Users\thanh\AppData\Local\Programs\MiKTeX\tex/generic/pgf/utilities\pgffor.
code.tex
Package: pgffor 2025-08-29 v3.1.11a (3.1.11a)
\pgffor@iter=\dimen198
\pgffor@skip=\dimen199
\pgffor@stack=\toks29
\pgffor@toks=\toks30
))
(C:\Users\thanh\AppData\Local\Programs\MiKTeX\tex/generic/pgf/frontendlayer/tik
z\tikz.code.tex
Package: tikz 2025-08-29 v3.1.11a (3.1.11a)

(C:\Users\thanh\AppData\Local\Programs\MiKTeX\tex/generic/pgf/libraries\pgflibr
aryplothandlers.code.tex
File: pgflibraryplothandlers.code.tex 2025-08-29 v3.1.11a (3.1.11a)
\pgf@plot@mark@count=\count302
\pgfplotmarksize=\dimen256
)
\tikz@lastx=\dimen257
\tikz@lasty=\dimen258
\tikz@lastxsaved=\dimen259
\tikz@lastysaved=\dimen260
\tikz@lastmovetox=\dimen261
\tikz@lastmovetoy=\dimen262
\tikzleveldistance=\dimen263
\tikzsiblingdistance=\dimen264
\tikz@figbox=\box60
\tikz@figbox@bg=\box61
\tikz@tempbox=\box62
\tikz@tempbox@bg=\box63
\tikztreelevel=\count303
\tikznumberofchildren=\count304
\tikznumberofcurrentchild=\count305
\tikz@fig@count=\count306

(C:\Users\thanh\AppData\Local\Programs\MiKTeX\tex/generic/pgf/modules\pgfmodule
matrix.code.tex
File: pgfmodulematrix.code.tex 2025-08-29 v3.1.11a (3.1.11a)
\pgfmatrixcurrentrow=\count307
\pgfmatrixcurrentcolumn=\count308
\pgf@matrix@numberofcolumns=\count309
)
\tikz@expandcount=\count310

(C:\Users\thanh\AppData\Local\Programs\MiKTeX\tex/generic/pgf/frontendlayer/tik
z/libraries\tikzlibrarytopaths.code.tex
File: tikzlibrarytopaths.code.tex 2025-08-29 v3.1.11a (3.1.11a)
)))
(C:\Users\thanh\AppData\Local\Programs\MiKTeX\tex/latex/listings\listings.sty
\lst@mode=\count311
\lst@gtempboxa=\box64
\lst@token=\toks31
\lst@length=\count312
\lst@currlwidth=\dimen265
\lst@column=\count313
\lst@pos=\count314
\lst@lostspace=\dimen266
\lst@width=\dimen267
\lst@newlines=\count315
\lst@lineno=\count316
\lst@maxwidth=\dimen268

(C:\Users\thanh\AppData\Local\Programs\MiKTeX\tex/latex/listings\lstpatch.sty
File: lstpatch.sty 2025/11/14 1.11b (Carsten Heinz)
)
(C:\Users\thanh\AppData\Local\Programs\MiKTeX\tex/latex/listings\lstmisc.sty
File: lstmisc.sty 2025/11/14 1.11b (Carsten Heinz)
\c@lstnumber=\count317
\lst@skipnumbers=\count318
\lst@framebox=\box65
)
(C:\Users\thanh\AppData\Local\Programs\MiKTeX\tex/latex/listings\listings.cfg
File: listings.cfg 2025/11/14 1.11b listings configuration
))
Package: listings 2025/11/14 1.11b (Carsten Heinz)
==> First Aid for listings.sty no longer applied!
    Expected:
        2024/09/23 1.10c (Carsten Heinz)
    but found:
        2025/11/14 1.11b (Carsten Heinz)
    so I'm assuming it got fixed.
(C:\Users\thanh\AppData\Local\Programs\MiKTeX\tex/latex/listings\lstlang1.sty
File: lstlang1.sty 2025/11/14 1.11b listings language file
)
(C:\Users\thanh\AppData\Local\Programs\MiKTeX\tex/generic/babel\babel.sty
Package: babel 2025/12/11 v25.17 The multilingual framework for LuaLaTeX, pdfLa
TeX and XeLaTeX
\babel@savecnt=\count319
LaTeX Encoding Info:    Redeclaring text command \ij (encoding OT1) on input li
ne 2068.
LaTeX Encoding Info:    Redeclaring text command \IJ (encoding OT1) on input li
ne 2070.
LaTeX Encoding Info:    Redeclaring text command \ij (encoding T1) on input lin
e 2072.
LaTeX Encoding Info:    Redeclaring text command \IJ (encoding T1) on input lin
e 2073.
LaTeX Encoding Info:    Ignoring declaration for text command \ij (encoding ?) 
on input line 2074.
LaTeX Encoding Info:    Ignoring declaration for text command \IJ (encoding ?) 
on input line 2076.
LaTeX Encoding Info:    Ignoring declaration for text command \SS (encoding ?) 
on input line 2101.
\U@D=\dimen269
\l@unhyphenated=\language79

(C:\Users\thanh\AppData\Local\Programs\MiKTeX\tex/generic/babel\xebabel.def)
\bbl@readstream=\read3
\bbl@dirlevel=\count320
Package babel Info: Configuration files are deprecated, as
(babel)             they can break document portability.
(babel)             Reported on input line 4196.

*************************************
* Local config file bblopts.cfg used
*
(C:\Users\thanh\AppData\Local\Programs\MiKTeX\tex/latex/arabi\bblopts.cfg
File: bblopts.cfg 2005/09/08 v0.1 add Arabic and Farsi to "declared" options of
 babel
)
(C:\Users\thanh\AppData\Local\Programs\MiKTeX\tex/generic/babel/locale/en\babel
-english.tex)
Package babel Info: Importing font and identification data for english
(babel)             from babel-en.ini. Reported on input line 4320.

(C:\Users\thanh\AppData\Local\Programs\MiKTeX\tex/latex/babel-english\english.l
df
Language: english 2017/06/06 v3.3r English support from the babel system
Package babel Info: Hyphen rules for 'canadian' set to \l@english
(babel)             (\language0). Reported on input line 102.
Package babel Info: Hyphen rules for 'australian' set to \l@ukenglish
(babel)             (\language73). Reported on input line 105.
Package babel Info: Hyphen rules for 'newzealand' set to \l@ukenglish
(babel)             (\language73). Reported on input line 108.
))
(C:\Users\thanh\AppData\Local\Programs\MiKTeX\tex/latex/enumitem\enumitem.sty
Package: enumitem 2025/02/06 v3.11 Customized lists
\labelindent=\skip52
\enit@outerparindent=\dimen270
\enit@toks=\toks32
\enit@inbox=\box66
\enit@count@id=\count321
\enitdp@description=\count322
)
(C:\Users\thanh\AppData\Local\Programs\MiKTeX\tex/latex/booktabs\booktabs.sty
Package: booktabs 2020/01/12 v1.61803398 Publication quality tables
\heavyrulewidth=\dimen271
\lightrulewidth=\dimen272
\cmidrulewidth=\dimen273
\belowrulesep=\dimen274
\belowbottomsep=\dimen275
\aboverulesep=\dimen276
\abovetopsep=\dimen277
\cmidrulesep=\dimen278
\cmidrulekern=\dimen279
\defaultaddspace=\dimen280
\@cmidla=\count323
\@cmidlb=\count324
\@aboverulesep=\dimen281
\@belowrulesep=\dimen282
\@thisruleclass=\count325
\@lastruleclass=\count326
\@thisrulewidth=\dimen283
)
(C:\Users\thanh\AppData\Local\Programs\MiKTeX\tex/latex/fontspec\fontspec.sty
(C:\Users\thanh\AppData\Local\Programs\MiKTeX\tex/latex/l3packages/xparse\xpars
e.sty
Package: xparse 2025-10-09 L3 Experimental document command parser
)
Package: fontspec 2025/09/29 v2.9g Font selection for XeLaTeX and LuaLaTeX

(C:\Users\thanh\AppData\Local\Programs\MiKTeX\tex/latex/fontspec\fontspec-xetex
.sty
Package: fontspec-xetex 2025/09/29 v2.9g Font selection for XeLaTeX and LuaLaTe
X
\l__fontspec_script_int=\count327
\l__fontspec_language_int=\count328
\l__fontspec_strnum_int=\count329
\l__fontspec_tmp_int=\count330
\l__fontspec_tmpa_int=\count331
\l__fontspec_tmpb_int=\count332
\l__fontspec_tmpc_int=\count333
\l__fontspec_em_int=\count334
\l__fontspec_emdef_int=\count335
\l__fontspec_strong_int=\count336
\l__fontspec_strongdef_int=\count337
\l__fontspec_tmpa_dim=\dimen284
\l__fontspec_tmpb_dim=\dimen285
\l__fontspec_tmpc_dim=\dimen286
 (C:\Users\thanh\AppData\Local\Programs\MiKTeX\tex/latex/base\fontenc.sty
Package: fontenc 2025/07/18 v2.1d Standard LaTeX package
)
(C:\Users\thanh\AppData\Local\Programs\MiKTeX\tex/latex/fontspec\fontspec.cfg))
)

Package fontspec Info: 
(fontspec)             Font family 'TimesNewRoman(0)' created for font 'Times
(fontspec)             New Roman' with options [Ligatures=TeX].
(fontspec)              
(fontspec)              This font family consists of the following NFSS
(fontspec)             series/shapes:
(fontspec)              
(fontspec)             - 'normal' (m/n) with NFSS spec.: <->"Times New
(fontspec)             Roman/OT:script=latn;language=dflt;mapping=tex-text;"
(fontspec)             - 'small caps'  (m/sc) with NFSS spec.: <->"Times New
(fontspec)             Roman/OT:script=latn;language=dflt;+smcp;mapping=tex-tex
t;"
(fontspec)             - 'bold' (b/n) with NFSS spec.: <->"Times New
(fontspec)             Roman/B/OT:script=latn;language=dflt;mapping=tex-text;"
(fontspec)             - 'bold small caps'  (b/sc) with NFSS spec.: <->"Times
(fontspec)             New
(fontspec)             Roman/B/OT:script=latn;language=dflt;+smcp;mapping=tex-t
ext;"
(fontspec)             - 'italic' (m/it) with NFSS spec.: <->"Times New
(fontspec)             Roman/I/OT:script=latn;language=dflt;mapping=tex-text;"
(fontspec)             - 'italic small caps'  (m/scit) with NFSS spec.:
(fontspec)             <->"Times New
(fontspec)             Roman/I/OT:script=latn;language=dflt;+smcp;mapping=tex-t
ext;"
(fontspec)             - 'bold italic' (b/it) with NFSS spec.: <->"Times New
(fontspec)             Roman/BI/OT:script=latn;language=dflt;mapping=tex-text;"

(fontspec)             - 'bold italic small caps'  (b/scit) with NFSS spec.:
(fontspec)             <->"Times New
(fontspec)             Roman/BI/OT:script=latn;language=dflt;+smcp;mapping=tex-
text;"


Package fontspec Info: 
(fontspec)             Font family 'Arial(0)' created for font 'Arial' with
(fontspec)             options [Ligatures=TeX].
(fontspec)              
(fontspec)              This font family consists of the following NFSS
(fontspec)             series/shapes:
(fontspec)              
(fontspec)             - 'normal' (m/n) with NFSS spec.:
(fontspec)             <->"Arial/OT:script=latn;language=dflt;mapping=tex-text;
"
(fontspec)             - 'small caps'  (m/sc) with NFSS spec.:
(fontspec)             <->"Arial/OT:script=latn;language=dflt;+smcp;mapping=tex
-text;"
(fontspec)             - 'bold' (b/n) with NFSS spec.:
(fontspec)             <->"Arial/B/OT:script=latn;language=dflt;mapping=tex-tex
t;"
(fontspec)             - 'bold small caps'  (b/sc) with NFSS spec.:
(fontspec)             <->"Arial/B/OT:script=latn;language=dflt;+smcp;mapping=t
ex-text;"
(fontspec)             - 'italic' (m/it) with NFSS spec.:
(fontspec)             <->"Arial/I/OT:script=latn;language=dflt;mapping=tex-tex
t;"
(fontspec)             - 'italic small caps'  (m/scit) with NFSS spec.:
(fontspec)             <->"Arial/I/OT:script=latn;language=dflt;+smcp;mapping=t
ex-text;"
(fontspec)             - 'bold italic' (b/it) with NFSS spec.:
(fontspec)             <->"Arial/BI/OT:script=latn;language=dflt;mapping=tex-te
xt;"
(fontspec)             - 'bold italic small caps'  (b/scit) with NFSS spec.:
(fontspec)             <->"Arial/BI/OT:script=latn;language=dflt;+smcp;mapping=
tex-text;"


(C:\Users\thanh\AppData\Local\Programs\MiKTeX\tex/latex/microtype\microtype.sty
Package: microtype 2026/03/01 v3.2d Micro-typographical refinements (RS)
(C:\Users\thanh\AppData\Local\Programs\MiKTeX\tex/latex/etoolbox\etoolbox.sty
Package: etoolbox 2025/10/02 v2.5m e-TeX tools for LaTeX (JAW)
\etb@tempcnta=\count338
)
\MT@toks=\toks33
\MT@tempbox=\box67
\MT@count=\count339
LaTeX Info: Redefining \noprotrusionifhmode on input line 1084.
LaTeX Info: Redefining \leftprotrusion on input line 1085.
\MT@prot@toks=\toks34
LaTeX Info: Redefining \rightprotrusion on input line 1104.
LaTeX Info: Redefining \textls on input line 1449.
\MT@outer@kern=\dimen287
LaTeX Info: Redefining \microtypecontext on input line 2053.
LaTeX Info: Redefining \textmicrotypecontext on input line 2070.
\MT@listname@count=\count340

(C:\Users\thanh\AppData\Local\Programs\MiKTeX\tex/latex/microtype\microtype-xet
ex.def
File: microtype-xetex.def 2026/03/01 v3.2d Definitions specific to xetex (RS)
LaTeX Info: Redefining \lsstyle on input line 443.
LaTeX Info: Redefining \lslig on input line 451.
\MT@outer@space=\skip53
)
Package microtype Info: Loading configuration file microtype.cfg.

(C:\Users\thanh\AppData\Local\Programs\MiKTeX\tex/latex/microtype\microtype.cfg
File: microtype.cfg 2026/03/01 v3.2d microtype main configuration file (RS)
)
LaTeX Info: Redefining \microtypesetup on input line 3065.
)
(C:\Users\thanh\AppData\Local\Programs\MiKTeX\tex/latex/csquotes\csquotes.sty
Package: csquotes 2026-05-19 v5.2p context-sensitive quotations (JAW)
\csq@reset=\count341
\csq@gtype=\count342
\csq@glevel=\count343
\csq@qlevel=\count344
\csq@maxlvl=\count345
\csq@tshold=\count346
\csq@ltx@everypar=\toks35

(C:\Users\thanh\AppData\Local\Programs\MiKTeX\tex/latex/csquotes\csquotes.def
File: csquotes.def 2026-05-19 v5.2p csquotes generic definitions (JAW)
)
Package csquotes Info: Trying to load configuration file 'csquotes.cfg'...
Package csquotes Info: ... configuration file loaded successfully.

(C:\Users\thanh\AppData\Local\Programs\MiKTeX\tex/latex/csquotes\csquotes.cfg
File: csquotes.cfg 
)) (C:\Users\thanh\AppData\Local\Programs\MiKTeX\tex/latex/biblatex\biblatex.st
y
Package: biblatex 2025/07/10 v3.21 programmable bibliographies (PK/MW)

(C:\Users\thanh\AppData\Local\Programs\MiKTeX\tex/generic/pdftexcmds\pdftexcmds
.sty
Package: pdftexcmds 2020-06-27 v0.33 Utility functions of pdfTeX for LuaTeX (HO
)

(C:\Users\thanh\AppData\Local\Programs\MiKTeX\tex/generic/infwarerr\infwarerr.s
ty
Package: infwarerr 2019/12/03 v1.5 Providing info/warning/error messages (HO)
)
(C:\Users\thanh\AppData\Local\Programs\MiKTeX\tex/generic/ltxcmds\ltxcmds.sty
Package: ltxcmds 2023-12-04 v1.26 LaTeX kernel commands for general use (HO)
)
Package pdftexcmds Info: \pdf@primitive is available.
Package pdftexcmds Info: \pdf@ifprimitive is available.
Package pdftexcmds Info: \pdfdraftmode not found.
)
(C:\Users\thanh\AppData\Local\Programs\MiKTeX\tex/latex/kvoptions\kvoptions.sty
Package: kvoptions 2022-06-15 v3.15 Key value format for package options (HO)

(C:\Users\thanh\AppData\Local\Programs\MiKTeX\tex/latex/kvsetkeys\kvsetkeys.sty
Package: kvsetkeys 2022-10-05 v1.19 Key value parser (HO)
)) (C:\Users\thanh\AppData\Local\Programs\MiKTeX\tex/latex/logreq\logreq.sty
Package: logreq 2010/08/04 v1.0 xml request logger
\lrq@indent=\count347

(C:\Users\thanh\AppData\Local\Programs\MiKTeX\tex/latex/logreq\logreq.def
File: logreq.def 2010/08/04 v1.0 logreq spec v1.0
))
(C:\Users\thanh\AppData\Local\Programs\MiKTeX\tex/latex/base\ifthen.sty
Package: ifthen 2024/03/16 v1.1e Standard LaTeX ifthen package (DPC)
)
(C:\Users\thanh\AppData\Local\Programs\MiKTeX\tex/latex/url\url.sty
\Urlmuskip=\muskip17
Package: url 2013/09/16  ver 3.4  Verb mode for urls, etc.
)
\c@tabx@nest=\count348
\c@listtotal=\count349
\c@listcount=\count350
\c@liststart=\count351
\c@liststop=\count352
\c@citecount=\count353
\c@citetotal=\count354
\c@multicitecount=\count355
\c@multicitetotal=\count356
\c@instcount=\count357
\c@maxnames=\count358
\c@minnames=\count359
\c@maxitems=\count360
\c@minitems=\count361
\c@citecounter=\count362
\c@maxcitecounter=\count363
\c@savedcitecounter=\count364
\c@uniquelist=\count365
\c@uniquename=\count366
\c@refsection=\count367
\c@refsegment=\count368
\c@maxextratitle=\count369
\c@maxextratitleyear=\count370
\c@maxextraname=\count371
\c@maxextradate=\count372
\c@maxextraalpha=\count373
\c@abbrvpenalty=\count374
\c@highnamepenalty=\count375
\c@lownamepenalty=\count376
\c@maxparens=\count377
\c@parenlevel=\count378
\blx@tempcnta=\count379
\blx@tempcntb=\count380
\blx@tempcntc=\count381
\c@blx@maxsection=\count382
\blx@maxsegment@0=\count383
\blx@notetype=\count384
\blx@parenlevel@text=\count385
\blx@parenlevel@foot=\count386
\blx@sectionciteorder@0=\count387
\blx@sectionciteorderinternal@0=\count388
\blx@entrysetcounter=\count389
\blx@biblioinstance=\count390
\labelnumberwidth=\skip54
\labelalphawidth=\skip55
\biblabelsep=\skip56
\bibitemsep=\skip57
\bibnamesep=\skip58
\bibinitsep=\skip59
\bibparsep=\skip60
\bibhang=\skip61
\blx@bcfin=\read4
\blx@bcfout=\write4
\blx@langwohyphens=\language80
\c@mincomprange=\count391
\c@maxcomprange=\count392
\c@mincompwidth=\count393
Package biblatex Info: Trying to load biblatex default data model...
Package biblatex Info: ... file 'blx-dm.def' found.

(C:\Users\thanh\AppData\Local\Programs\MiKTeX\tex/latex/biblatex\blx-dm.def
File: blx-dm.def 2025/07/10 v3.21 biblatex datamodel (PK/MW)
)
Package biblatex Info: Trying to load biblatex style data model...
Package biblatex Info: ... file 'alphabetic.dbx' not found.
Package biblatex Info: Trying to load biblatex custom data model...
Package biblatex Info: ... file 'biblatex-dm.cfg' not found.
\c@afterword=\count394
\c@savedafterword=\count395
\c@annotator=\count396
\c@savedannotator=\count397
\c@author=\count398
\c@savedauthor=\count399
\c@bookauthor=\count400
\c@savedbookauthor=\count401
\c@commentator=\count402
\c@savedcommentator=\count403
\c@editor=\count404
\c@savededitor=\count405
\c@editora=\count406
\c@savededitora=\count407
\c@editorb=\count408
\c@savededitorb=\count409
\c@editorc=\count410
\c@savededitorc=\count411
\c@foreword=\count412
\c@savedforeword=\count413
\c@holder=\count414
\c@savedholder=\count415
\c@introduction=\count416
\c@savedintroduction=\count417
\c@namea=\count418
\c@savednamea=\count419
\c@nameb=\count420
\c@savednameb=\count421
\c@namec=\count422
\c@savednamec=\count423
\c@translator=\count424
\c@savedtranslator=\count425
\c@shortauthor=\count426
\c@savedshortauthor=\count427
\c@shorteditor=\count428
\c@savedshorteditor=\count429
\c@labelname=\count430
\c@savedlabelname=\count431
\c@institution=\count432
\c@savedinstitution=\count433
\c@lista=\count434
\c@savedlista=\count435
\c@listb=\count436
\c@savedlistb=\count437
\c@listc=\count438
\c@savedlistc=\count439
\c@listd=\count440
\c@savedlistd=\count441
\c@liste=\count442
\c@savedliste=\count443
\c@listf=\count444
\c@savedlistf=\count445
\c@location=\count446
\c@savedlocation=\count447
\c@organization=\count448
\c@savedorganization=\count449
\c@origlocation=\count450
\c@savedoriglocation=\count451
\c@origpublisher=\count452
\c@savedorigpublisher=\count453
\c@publisher=\count454
\c@savedpublisher=\count455
\c@language=\count456
\c@savedlanguage=\count457
\c@origlanguage=\count458
\c@savedoriglanguage=\count459
\c@pageref=\count460
\c@savedpageref=\count461
\shorthandwidth=\skip62
\shortjournalwidth=\skip63
\shortserieswidth=\skip64
\shorttitlewidth=\skip65
\shortauthorwidth=\skip66
\shorteditorwidth=\skip67
\locallabelnumberwidth=\skip68
\locallabelalphawidth=\skip69
\localshorthandwidth=\skip70
\localshortjournalwidth=\skip71
\localshortserieswidth=\skip72
\localshorttitlewidth=\skip73
\localshortauthorwidth=\skip74
\localshorteditorwidth=\skip75
Package biblatex Info: Trying to load enhanced support for Unicode engines...
Package biblatex Info: ... file 'blx-unicode.def' found.

(C:\Users\thanh\AppData\Local\Programs\MiKTeX\tex/latex/biblatex\blx-unicode.de
f)
Package biblatex Info: Trying to load compatibility code...
Package biblatex Info: ... file 'blx-compat.def' found.

(C:\Users\thanh\AppData\Local\Programs\MiKTeX\tex/latex/biblatex\blx-compat.def
File: blx-compat.def 2025/07/10 v3.21 biblatex compatibility (PK/MW)
)
Package biblatex Info: Trying to load generic definitions...
Package biblatex Info: ... file 'biblatex.def' found.
 (C:\Users\thanh\AppData\Local\Programs\MiKTeX\tex/latex/biblatex\biblatex.def
File: biblatex.def 2025/07/10 v3.21 biblatex compatibility (PK/MW)
\c@textcitecount=\count462
\c@textcitetotal=\count463
\c@textcitemaxnames=\count464
\c@biburlbigbreakpenalty=\count465
\c@biburlbreakpenalty=\count466
\c@biburlnumpenalty=\count467
\c@biburlucpenalty=\count468
\c@biburllcpenalty=\count469
\biburlbigskip=\muskip18
\biburlnumskip=\muskip19
\biburlucskip=\muskip20
\biburllcskip=\muskip21
\c@smartand=\count470
)
Package biblatex Info: Trying to load bibliography style 'alphabetic'...
Package biblatex Info: ... file 'alphabetic.bbx' found.

(C:\Users\thanh\AppData\Local\Programs\MiKTeX\tex/latex/biblatex/bbx\alphabetic
.bbx
File: alphabetic.bbx 2025/07/10 v3.21 biblatex bibliography style (PK/MW)
Package biblatex Info: Trying to load bibliography style 'standard'...
Package biblatex Info: ... file 'standard.bbx' found.

(C:\Users\thanh\AppData\Local\Programs\MiKTeX\tex/latex/biblatex/bbx\standard.b
bx
File: standard.bbx 2025/07/10 v3.21 biblatex bibliography style (PK/MW)
\c@bbx:relatedcount=\count471
\c@bbx:relatedtotal=\count472
))
Package biblatex Info: Trying to load citation style 'numeric'...
Package biblatex Info: ... file 'numeric.cbx' found.

(C:\Users\thanh\AppData\Local\Programs\MiKTeX\tex/latex/biblatex/cbx\numeric.cb
x
File: numeric.cbx 2025/07/10 v3.21 biblatex citation style (PK/MW)
Package biblatex Info: Redefining '\cite'.
Package biblatex Info: Redefining '\parencite'.
Package biblatex Info: Redefining '\footcite'.
Package biblatex Info: Redefining '\footcitetext'.
Package biblatex Info: Redefining '\smartcite'.
Package biblatex Info: Redefining '\supercite'.
Package biblatex Info: Redefining '\textcite'.
Package biblatex Info: Redefining '\textcites'.
Package biblatex Info: Redefining '\cites'.
Package biblatex Info: Redefining '\parencites'.
Package biblatex Info: Redefining '\smartcites'.
)
Package biblatex Info: Trying to load configuration file...
Package biblatex Info: ... file 'biblatex.cfg' found.

(C:\Users\thanh\AppData\Local\Programs\MiKTeX\tex/latex/biblatex\biblatex.cfg
File: biblatex.cfg 
)
Package biblatex Info: XeTeX detected.
(biblatex)             Assuming input encoding 'utf8'.
Package biblatex Info: Document encoding is UTF8 ....
Package biblatex Info: ... and expl3
(biblatex)             2025-12-24 L3 programming layer (loader) 
(biblatex)             is new enough (at least 2020/04/06),
(biblatex)             setting 'casechanger=expl3'.

(C:\Users\thanh\AppData\Local\Programs\MiKTeX\tex/latex/biblatex\blx-case-expl3
.sty
Package: blx-case-expl3 2025/07/10 v3.21 expl3 case changing code for biblatex
)) (C:\Users\thanh\AppData\Local\Programs\MiKTeX\tex/latex/tools\calc.sty
Package: calc 2025/03/01 v4.3b Infix arithmetic (KKT,FJ)
\calc@Acount=\count473
\calc@Bcount=\count474
\calc@Adimen=\dimen288
\calc@Bdimen=\dimen289
\calc@Askip=\skip76
\calc@Bskip=\skip77
LaTeX Info: Redefining \setlength on input line 86.
LaTeX Info: Redefining \addtolength on input line 87.
\calc@Ccount=\count475
\calc@Cskip=\skip78
)
(C:\Users\thanh\AppData\Local\Programs\MiKTeX\tex/latex/base\makeidx.sty
Package: makeidx 2021/10/04 v1.0m Standard LaTeX package
)
\@indexfile=\write5
\openout5 = `main.idx'.


Writing index file main.idx
(C:\Users\thanh\AppData\Local\Programs\MiKTeX\tex/latex/titlesec\titletoc.sty
Package: titletoc 2025/01/04 v2.17 TOC entries
\ttl@leftsep=\dimen290
)
(C:\Users\thanh\AppData\Local\Programs\MiKTeX\tex/latex/fancyhdr\fancyhdr.sty
Package: fancyhdr 2025/02/07 v5.2 Extensive control of page headers and footers

\f@nch@headwidth=\skip79
\f@nch@offset@elh=\skip80
\f@nch@offset@erh=\skip81
\f@nch@offset@olh=\skip82
\f@nch@offset@orh=\skip83
\f@nch@offset@elf=\skip84
\f@nch@offset@erf=\skip85
\f@nch@offset@olf=\skip86
\f@nch@offset@orf=\skip87
\f@nch@height=\skip88
\f@nch@footalignment=\skip89
\f@nch@widthL=\skip90
\f@nch@widthC=\skip91
\f@nch@widthR=\skip92
\@temptokenb=\toks36
)
(C:\Users\thanh\AppData\Local\Programs\MiKTeX\tex/latex/amsmath\amsmath.sty
Package: amsmath 2025/07/09 v2.17z AMS math features
\@mathmargin=\skip93

For additional information on amsmath, use the `?' option.
(C:\Users\thanh\AppData\Local\Programs\MiKTeX\tex/latex/amsmath\amstext.sty
Package: amstext 2024/11/17 v2.01 AMS text

(C:\Users\thanh\AppData\Local\Programs\MiKTeX\tex/latex/amsmath\amsgen.sty
File: amsgen.sty 1999/11/30 v2.0 generic functions
\@emptytoks=\toks37
\ex@=\dimen291
))
(C:\Users\thanh\AppData\Local\Programs\MiKTeX\tex/latex/amsmath\amsbsy.sty
Package: amsbsy 1999/11/29 v1.2d Bold Symbols
\pmbraise@=\dimen292
)
(C:\Users\thanh\AppData\Local\Programs\MiKTeX\tex/latex/amsmath\amsopn.sty
Package: amsopn 2022/04/08 v2.04 operator names
)
\inf@bad=\count476
LaTeX Info: Redefining \frac on input line 233.
\uproot@=\count477
\leftroot@=\count478
LaTeX Info: Redefining \overline on input line 398.
LaTeX Info: Redefining \colon on input line 409.
\classnum@=\count479
\DOTSCASE@=\count480
LaTeX Info: Redefining \ldots on input line 495.
LaTeX Info: Redefining \dots on input line 498.
LaTeX Info: Redefining \cdots on input line 619.
\Mathstrutbox@=\box68
\strutbox@=\box69
LaTeX Info: Redefining \big on input line 721.
LaTeX Info: Redefining \Big on input line 722.
LaTeX Info: Redefining \bigg on input line 723.
LaTeX Info: Redefining \Bigg on input line 724.
\big@size=\dimen293
LaTeX Font Info:    Redeclaring font encoding OML on input line 742.
LaTeX Font Info:    Redeclaring font encoding OMS on input line 743.
\macc@depth=\count481
LaTeX Info: Redefining \bmod on input line 904.
LaTeX Info: Redefining \pmod on input line 909.
LaTeX Info: Redefining \smash on input line 939.
LaTeX Info: Redefining \relbar on input line 969.
LaTeX Info: Redefining \Relbar on input line 970.
\c@MaxMatrixCols=\count482
\dotsspace@=\muskip22
\c@parentequation=\count483
\dspbrk@lvl=\count484
\tag@help=\toks38
\row@=\count485
\column@=\count486
\maxfields@=\count487
\andhelp@=\toks39
\eqnshift@=\dimen294
\alignsep@=\dimen295
\tagshift@=\dimen296
\tagwidth@=\dimen297
\totwidth@=\dimen298
\lineht@=\dimen299
\@envbody=\toks40
\multlinegap=\skip94
\multlinetaggap=\skip95
\mathdisplay@stack=\toks41
LaTeX Info: Redefining \[ on input line 2950.
LaTeX Info: Redefining \] on input line 2951.
)
(C:\Users\thanh\AppData\Local\Programs\MiKTeX\tex/latex/amsfonts\amsfonts.sty
Package: amsfonts 2013/01/14 v3.01 Basic AMSFonts support
\symAMSa=\mathgroup4
\symAMSb=\mathgroup5
LaTeX Font Info:    Redeclaring math symbol \hbar on input line 98.
LaTeX Font Info:    Overwriting math alphabet `\mathfrak' in version `bold'
(Font)                  U/euf/m/n --> U/euf/b/n on input line 106.
)
(C:\Users\thanh\AppData\Local\Programs\MiKTeX\tex/latex/amsfonts\amssymb.sty
Package: amssymb 2013/01/14 v3.01 AMS font symbols
)
(C:\Users\thanh\AppData\Local\Programs\MiKTeX\tex/latex/amscls\amsthm.sty
Package: amsthm 2020/05/29 v2.20.6
\thm@style=\toks42
\thm@bodyfont=\toks43
\thm@headfont=\toks44
\thm@notefont=\toks45
\thm@headpunct=\toks46
\thm@preskip=\skip96
\thm@postskip=\skip97
\thm@headsep=\skip98
\dth@everypar=\toks47
)
\c@notation=\count488
\c@dummy=\count489
\c@problem=\count490
\c@exerciseT=\count491
\c@exampleT=\count492
\c@vocabulary=\count493
\c@definitionT=\count494

(C:\Users\thanh\AppData\Local\Programs\MiKTeX\tex/latex/mdframed\mdframed.sty
Package: mdframed 2013/07/01 1.9b: mdframed

(C:\Users\thanh\AppData\Local\Programs\MiKTeX\tex/latex/zref\zref-abspage.sty
Package: zref-abspage 2026-03-07 v2.37 Module abspage for zref (HO)

(C:\Users\thanh\AppData\Local\Programs\MiKTeX\tex/latex/zref\zref-base.sty
Package: zref-base 2026-03-07 v2.37 Module base for zref (HO)

(C:\Users\thanh\AppData\Local\Programs\MiKTeX\tex/generic/kvdefinekeys\kvdefine
keys.sty
Package: kvdefinekeys 2019-12-19 v1.6 Define keys (HO)
)
(C:\Users\thanh\AppData\Local\Programs\MiKTeX\tex/generic/etexcmds\etexcmds.sty
Package: etexcmds 2019/12/15 v1.7 Avoid name clashes with e-TeX commands (HO)
) (C:\Users\thanh\AppData\Local\Programs\MiKTeX\tex/latex/auxhook\auxhook.sty
Package: auxhook 2019-12-17 v1.6 Hooks for auxiliary files (HO)
)
Package zref Info: New property list: main on input line 767.
Package zref Info: New property: default on input line 768.
Package zref Info: New property: page on input line 769.
)
\c@abspage=\count495
Package zref Info: New property: abspage on input line 67.
)
(C:\Users\thanh\AppData\Local\Programs\MiKTeX\tex/latex/needspace\needspace.sty
Package: needspace 2025/03/13 v1.3e reserve vertical space
)
\mdf@templength=\skip99
\c@mdf@globalstyle@cnt=\count496
\mdf@skipabove@length=\skip100
\mdf@skipbelow@length=\skip101
\mdf@leftmargin@length=\skip102
\mdf@rightmargin@length=\skip103
\mdf@innerleftmargin@length=\skip104
\mdf@innerrightmargin@length=\skip105
\mdf@innertopmargin@length=\skip106
\mdf@innerbottommargin@length=\skip107
\mdf@splittopskip@length=\skip108
\mdf@splitbottomskip@length=\skip109
\mdf@outermargin@length=\skip110
\mdf@innermargin@length=\skip111
\mdf@linewidth@length=\skip112
\mdf@innerlinewidth@length=\skip113
\mdf@middlelinewidth@length=\skip114
\mdf@outerlinewidth@length=\skip115
\mdf@roundcorner@length=\skip116
\mdf@footenotedistance@length=\skip117
\mdf@userdefinedwidth@length=\skip118
\mdf@needspace@length=\skip119
\mdf@frametitleaboveskip@length=\skip120
\mdf@frametitlebelowskip@length=\skip121
\mdf@frametitlerulewidth@length=\skip122
\mdf@frametitleleftmargin@length=\skip123
\mdf@frametitlerightmargin@length=\skip124
\mdf@shadowsize@length=\skip125
\mdf@extratopheight@length=\skip126
\mdf@subtitleabovelinewidth@length=\skip127
\mdf@subtitlebelowlinewidth@length=\skip128
\mdf@subtitleaboveskip@length=\skip129
\mdf@subtitlebelowskip@length=\skip130
\mdf@subtitleinneraboveskip@length=\skip131
\mdf@subtitleinnerbelowskip@length=\skip132
\mdf@subsubtitleabovelinewidth@length=\skip133
\mdf@subsubtitlebelowlinewidth@length=\skip134
\mdf@subsubtitleaboveskip@length=\skip135
\mdf@subsubtitlebelowskip@length=\skip136
\mdf@subsubtitleinneraboveskip@length=\skip137
\mdf@subsubtitleinnerbelowskip@length=\skip138

(C:\Users\thanh\AppData\Local\Programs\MiKTeX\tex/latex/mdframed\md-frame-0.mdf
File: md-frame-0.mdf 2013/07/01\ 1.9b: md-frame-0
)
\mdf@frametitlebox=\box70
\mdf@footnotebox=\box71
\mdf@splitbox@one=\box72
\mdf@splitbox@two=\box73
\mdf@splitbox@save=\box74
\mdfsplitboxwidth=\skip139
\mdfsplitboxtotalwidth=\skip140
\mdfsplitboxheight=\skip141
\mdfsplitboxdepth=\skip142
\mdfsplitboxtotalheight=\skip143
\mdfframetitleboxwidth=\skip144
\mdfframetitleboxtotalwidth=\skip145
\mdfframetitleboxheight=\skip146
\mdfframetitleboxdepth=\skip147
\mdfframetitleboxtotalheight=\skip148
\mdffootnoteboxwidth=\skip149
\mdffootnoteboxtotalwidth=\skip150
\mdffootnoteboxheight=\skip151
\mdffootnoteboxdepth=\skip152
\mdffootnoteboxtotalheight=\skip153
\mdftotallinewidth=\skip154
\mdfboundingboxwidth=\skip155
\mdfboundingboxtotalwidth=\skip156
\mdfboundingboxheight=\skip157
\mdfboundingboxdepth=\skip158
\mdfboundingboxtotalheight=\skip159
\mdf@freevspace@length=\skip160
\mdf@horizontalwidthofbox@length=\skip161
\mdf@verticalmarginwhole@length=\skip162
\mdf@horizontalspaceofbox=\skip163
\mdfsubtitleheight=\skip164
\mdfsubsubtitleheight=\skip165
\c@mdfcountframes=\count497

****** mdframed patching \endmdf@trivlist

****** -- success******

\mdf@envdepth=\count498
\c@mdf@env@i=\count499
\c@mdf@env@ii=\count500
\c@mdf@zref@counter=\count501
Package zref Info: New property: mdf@pagevalue on input line 895.
)
\esp=\skip166
\ecart=\skip167

(C:\Users\thanh\AppData\Local\Programs\MiKTeX\tex/latex/hyperref\hyperref.sty
Package: hyperref 2025-07-12 v7.01o Hypertext links for LaTeX

(C:\Users\thanh\AppData\Local\Programs\MiKTeX\tex/generic/pdfescape\pdfescape.s
ty
Package: pdfescape 2019/12/09 v1.15 Implements pdfTeX's escape features (HO)
) (C:\Users\thanh\AppData\Local\Programs\MiKTeX\tex/latex/hycolor\hycolor.sty
Package: hycolor 2020-01-27 v1.10 Color options for hyperref/bookmark (HO)
) (C:\Users\thanh\AppData\Local\Programs\MiKTeX\tex/latex/hyperref\nameref.sty
Package: nameref 2025-06-21 v2.57 Cross-referencing by name of section

(C:\Users\thanh\AppData\Local\Programs\MiKTeX\tex/latex/refcount\refcount.sty
Package: refcount 2019/12/15 v3.6 Data extraction from label references (HO)
)
(C:\Users\thanh\AppData\Local\Programs\MiKTeX\tex/generic/gettitlestring\gettit
lestring.sty
Package: gettitlestring 2019/12/15 v1.6 Cleanup title references (HO)
)
\c@section@level=\count502
)
(C:\Users\thanh\AppData\Local\Programs\MiKTeX\tex/generic/stringenc\stringenc.s
ty
Package: stringenc 2019/11/29 v1.12 Convert strings between diff. encodings (HO
)
)
\@linkdim=\dimen300
\Hy@linkcounter=\count503
\Hy@pagecounter=\count504
 (C:\Users\thanh\AppData\Local\Programs\MiKTeX\tex/latex/hyperref\pd1enc.def
File: pd1enc.def 2025-07-12 v7.01o Hyperref: PDFDocEncoding definition (HO)
) (C:\Users\thanh\AppData\Local\Programs\MiKTeX\tex/generic/intcalc\intcalc.sty
Package: intcalc 2019/12/15 v1.3 Expandable calculations with integers (HO)
)
\Hy@SavedSpaceFactor=\count505
 (C:\Users\thanh\AppData\Local\Programs\MiKTeX\tex/latex/hyperref\puenc.def
File: puenc.def 2025-07-12 v7.01o Hyperref: PDF Unicode definition (HO)
)
Package hyperref Info: Hyper figures OFF on input line 4195.
Package hyperref Info: Link nesting OFF on input line 4200.
Package hyperref Info: Hyper index ON on input line 4203.
Package hyperref Info: Plain pages OFF on input line 4210.
Package hyperref Info: Backreferencing OFF on input line 4215.
Package hyperref Info: Implicit mode ON; LaTeX internals redefined.
Package hyperref Info: Bookmarks ON on input line 4462.
\c@Hy@tempcnt=\count506
LaTeX Info: Redefining \url on input line 4801.
\XeTeXLinkMargin=\dimen301

(C:\Users\thanh\AppData\Local\Programs\MiKTeX\tex/generic/bitset\bitset.sty
Package: bitset 2019/12/09 v1.3 Handle bit-vector datatype (HO)

(C:\Users\thanh\AppData\Local\Programs\MiKTeX\tex/generic/bigintcalc\bigintcalc
.sty
Package: bigintcalc 2019/12/15 v1.5 Expandable calculations on big integers (HO
)
))
\Fld@menulength=\count507
\Field@Width=\dimen302
\Fld@charsize=\dimen303
Package hyperref Info: Hyper figures OFF on input line 6078.
Package hyperref Info: Link nesting OFF on input line 6083.
Package hyperref Info: Hyper index ON on input line 6086.
Package hyperref Info: backreferencing OFF on input line 6093.
Package hyperref Info: Link coloring OFF on input line 6098.
Package hyperref Info: Link coloring with OCG OFF on input line 6103.
Package hyperref Info: PDF/A mode OFF on input line 6108.
\Hy@abspage=\count508
\c@Item=\count509
\c@Hfootnote=\count510
)
Package hyperref Info: Driver (autodetected): hxetex.

(C:\Users\thanh\AppData\Local\Programs\MiKTeX\tex/latex/hyperref\hxetex.def
File: hxetex.def 2025-07-12 v7.01o Hyperref driver for XeTeX
\pdfm@box=\box75
\c@Hy@AnnotLevel=\count511
\HyField@AnnotCount=\count512
\Fld@listcount=\count513
\c@bookmark@seq@number=\count514

(C:\Users\thanh\AppData\Local\Programs\MiKTeX\tex/latex/rerunfilecheck\rerunfil
echeck.sty
Package: rerunfilecheck 2025-06-21 v1.11 Rerun checks for auxiliary files (HO)

(C:\Users\thanh\AppData\Local\Programs\MiKTeX\tex/generic/uniquecounter\uniquec
ounter.sty
Package: uniquecounter 2019/12/15 v1.4 Provide unlimited unique counter (HO)
)
Package uniquecounter Info: New unique counter `rerunfilecheck' on input line 2
84.
)
\Hy@SectionHShift=\skip168
)
Package hyperref Info: Option `colorlinks' set `false' on input line 504.
Package hyperref Info: Option `breaklinks' set `true' on input line 504.
Package hyperref Info: Option `bookmarksopen' set `false' on input line 504.

(C:\Users\thanh\AppData\Local\Programs\MiKTeX\tex/latex/bookmark\bookmark.sty
Package: bookmark 2026-05-21 v1.32 PDF bookmarks (HO)

(C:\Users\thanh\AppData\Local\Programs\MiKTeX\tex/latex/bookmark\bkm-xetex.def
File: bkm-xetex.def 2026-05-21 v1.32 bookmark driver for xetex (HO)
\BKM@id=\count515
))) (C:\Users\thanh\AppData\Local\Programs\MiKTeX\tex/latex/float\float.sty
Package: float 2001/11/08 v1.3d Float enhancements (AL)
\c@float@type=\count516
\float@exts=\toks48
\float@box=\box76
\@float@everytoks=\toks49
\@floatcapt=\box77
)
(C:\Users\thanh\AppData\Local\Programs\MiKTeX\tex/latex/tools\longtable.sty
Package: longtable 2025-10-13 v4.24 Multi-page Table package (DPC)
\LTleft=\skip169
\LTright=\skip170
\LTpre=\skip171
\LTpost=\skip172
\LTchunksize=\count517
\LTcapwidth=\dimen304
\LT@head=\box78
\LT@firsthead=\box79
\LT@foot=\box80
\LT@lastfoot=\box81
\LT@gbox=\box82
\LT@cols=\count518
\LT@rows=\count519
\c@LT@tables=\count520
\c@LT@chunks=\count521
\LT@p@ftn=\toks50
)
Package csquotes Info: Checking for multilingual support...
Package csquotes Info: ... found 'babel' package.
Package csquotes Info: Adjusting default style.
Package csquotes Info: Redefining alias 'default' -> 'english'.

(main.aux (chapters_tex/chapter_01.aux) (chapters_tex/chapter_02.aux

LaTeX Warning: Label `tuxf3m-tux1eaft-chux1b0ux1a1ng-chapter-summary' multiply 
defined.

) (chapters_tex/chapter_03.aux

LaTeX Warning: Label `tuxf3m-tux1eaft-chux1b0ux1a1ng-chapter-summary' multiply 
defined.


LaTeX Warning: Label `buxe0i-tux1eadp-tux1ef1-kiux1ec3m-tra-self-check-problems
' multiply defined.


LaTeX Warning: Label `buxe0i-tux1eadp-exercises' multiply defined.

) (chapters_tex/chapter_04.aux

LaTeX Warning: Label `giux1edbi-thiux1ec7u' multiply defined.


LaTeX Warning: Label `lux1ed7i-lux1eadp-truxecnh-phux1ed5-biux1ebfn' multiply d
efined.

))
\openout1 = `main.aux'.

LaTeX Font Info:    Checking defaults for OML/cmm/m/it on input line 57.
LaTeX Font Info:    ... okay on input line 57.
LaTeX Font Info:    Checking defaults for OMS/cmsy/m/n on input line 57.
LaTeX Font Info:    ... okay on input line 57.
LaTeX Font Info:    Checking defaults for OT1/cmr/m/n on input line 57.
LaTeX Font Info:    ... okay on input line 57.
LaTeX Font Info:    Checking defaults for T1/cmr/m/n on input line 57.
LaTeX Font Info:    ... okay on input line 57.
LaTeX Font Info:    Checking defaults for TS1/cmr/m/n on input line 57.
LaTeX Font Info:    ... okay on input line 57.
LaTeX Font Info:    Checking defaults for TU/lmr/m/n on input line 57.
LaTeX Font Info:    ... okay on input line 57.
LaTeX Font Info:    Checking defaults for OMX/cmex/m/n on input line 57.
LaTeX Font Info:    ... okay on input line 57.
LaTeX Font Info:    Checking defaults for U/cmr/m/n on input line 57.
LaTeX Font Info:    ... okay on input line 57.
LaTeX Font Info:    Checking defaults for PD1/pdf/m/n on input line 57.
LaTeX Font Info:    ... okay on input line 57.
LaTeX Font Info:    Checking defaults for PU/pdf/m/n on input line 57.
LaTeX Font Info:    ... okay on input line 57.

*geometry* driver: auto-detecting
*geometry* detected driver: xetex
*geometry* verbose mode - [ preamble ] result:
* driver: xetex
* paper: a4paper
* layout: <same size as paper>
* layoutoffset:(h,v)=(0.0pt,0.0pt)
* modes: twoside 
* h-part:(L,W,R)=(85.35826pt, 426.79135pt, 85.35826pt)
* v-part:(T,H,B)=(85.35826pt, 674.33032pt, 85.35826pt)
* \paperwidth=597.50787pt
* \paperheight=845.04684pt
* \textwidth=426.79135pt
* \textheight=674.33032pt
* \oddsidemargin=13.08827pt
* \evensidemargin=13.08827pt
* \topmargin=-8.91173pt
* \headheight=14.5pt
* \headsep=10.0pt
* \topskip=11.0pt
* \footskip=27.46295pt
* \marginparwidth=116.0pt
* \marginparsep=7.0pt
* \columnsep=10.0pt
* \skip\footins=10.0pt plus 4.0pt minus 2.0pt
* \hoffset=0.0pt
* \voffset=0.0pt
* \mag=1000
* \@twocolumnfalse
* \@twosidetrue
* \@mparswitchtrue
* \@reversemarginfalse
* (1in=72.27pt=25.4mm, 1cm=28.453pt)

\c@lstlisting=\count522

Package fontspec Info: 
(fontspec)             Adjusting the maths setup (use [no-math] to avoid
(fontspec)             this).

\symlegacymaths=\mathgroup6
LaTeX Font Info:    Overwriting symbol font `legacymaths' in version `bold'
(Font)                  OT1/cmr/m/n --> OT1/cmr/bx/n on input line 57.
LaTeX Font Info:    Redeclaring math accent \acute on input line 57.
LaTeX Font Info:    Redeclaring math accent \grave on input line 57.
LaTeX Font Info:    Redeclaring math accent \ddot on input line 57.
LaTeX Font Info:    Redeclaring math accent \tilde on input line 57.
LaTeX Font Info:    Redeclaring math accent \bar on input line 57.
LaTeX Font Info:    Redeclaring math accent \breve on input line 57.
LaTeX Font Info:    Redeclaring math accent \check on input line 57.
LaTeX Font Info:    Redeclaring math accent \hat on input line 57.
LaTeX Font Info:    Redeclaring math accent \dot on input line 57.
LaTeX Font Info:    Redeclaring math accent \mathring on input line 57.
LaTeX Font Info:    Redeclaring math symbol \Gamma on input line 57.
LaTeX Font Info:    Redeclaring math symbol \Delta on input line 57.
LaTeX Font Info:    Redeclaring math symbol \Theta on input line 57.
LaTeX Font Info:    Redeclaring math symbol \Lambda on input line 57.
LaTeX Font Info:    Redeclaring math symbol \Xi on input line 57.
LaTeX Font Info:    Redeclaring math symbol \Pi on input line 57.
LaTeX Font Info:    Redeclaring math symbol \Sigma on input line 57.
LaTeX Font Info:    Redeclaring math symbol \Upsilon on input line 57.
LaTeX Font Info:    Redeclaring math symbol \Phi on input line 57.
LaTeX Font Info:    Redeclaring math symbol \Psi on input line 57.
LaTeX Font Info:    Redeclaring math symbol \Omega on input line 57.
LaTeX Font Info:    Redeclaring math symbol \mathdollar on input line 57.
LaTeX Font Info:    Redeclaring symbol font `operators' on input line 57.
LaTeX Font Info:    Encoding `OT1' has changed to `TU' for symbol font
(Font)              `operators' in the math version `normal' on input line 57.
LaTeX Font Info:    Overwriting symbol font `operators' in version `normal'
(Font)                  OT1/cmr/m/n --> TU/TimesNewRoman(0)/m/n on input line 5
7.
LaTeX Font Info:    Encoding `OT1' has changed to `TU' for symbol font
(Font)              `operators' in the math version `bold' on input line 57.
LaTeX Font Info:    Overwriting symbol font `operators' in version `bold'
(Font)                  OT1/cmr/bx/n --> TU/TimesNewRoman(0)/m/n on input line 
57.
LaTeX Font Info:    Overwriting symbol font `operators' in version `normal'
(Font)                  TU/TimesNewRoman(0)/m/n --> TU/TimesNewRoman(0)/m/n on 
input line 57.
LaTeX Font Info:    Overwriting math alphabet `\mathit' in version `normal'
(Font)                  OT1/cmr/m/it --> TU/TimesNewRoman(0)/m/it on input line
 57.
LaTeX Font Info:    Overwriting math alphabet `\mathbf' in version `normal'
(Font)                  OT1/cmr/bx/n --> TU/TimesNewRoman(0)/b/n on input line 
57.
LaTeX Font Info:    Overwriting math alphabet `\mathsf' in version `normal'
(Font)                  OT1/cmss/m/n --> TU/Arial(0)/m/n on input line 57.
LaTeX Font Info:    Overwriting math alphabet `\mathtt' in version `normal'
(Font)                  OT1/cmtt/m/n --> TU/lmtt/m/n on input line 57.
LaTeX Font Info:    Overwriting symbol font `operators' in version `bold'
(Font)                  TU/TimesNewRoman(0)/m/n --> TU/TimesNewRoman(0)/b/n on 
input line 57.
LaTeX Font Info:    Overwriting math alphabet `\mathit' in version `bold'
(Font)                  OT1/cmr/bx/it --> TU/TimesNewRoman(0)/b/it on input lin
e 57.
LaTeX Font Info:    Overwriting math alphabet `\mathsf' in version `bold'
(Font)                  OT1/cmss/bx/n --> TU/Arial(0)/b/n on input line 57.
LaTeX Font Info:    Overwriting math alphabet `\mathtt' in version `bold'
(Font)                  OT1/cmtt/m/n --> TU/lmtt/b/n on input line 57.
LaTeX Info: Redefining \microtypecontext on input line 57.
Package microtype Info: Applying patch `item' on input line 57.
Package microtype Info: Applying patch `toc' on input line 57.
Package microtype Info: Applying patch `eqnum' on input line 57.
Package microtype Info: Applying patch `footnote' on input line 57.
Package microtype Info: Applying patch `verbatim' on input line 57.
LaTeX Info: Redefining \microtypesetup on input line 57.
Package microtype Info: Character protrusion enabled (level 2).
Package microtype Info: Using default protrusion set `alltext'.
Package microtype Info: No adjustment of tracking.
Package microtype Info: No adjustment of spacing.
Package microtype Info: No adjustment of kerning.
Package microtype Info: Loading generic protrusion settings for font family
(microtype)             `TimesNewRoman' (encoding: TU).
(microtype)             For optimal results, create family-specific settings.
(microtype)             See the microtype manual for details.
Package biblatex Info: Trying to load language 'english'...
Package biblatex Info: ... file 'english.lbx' found.

(C:\Users\thanh\AppData\Local\Programs\MiKTeX\tex/latex/biblatex/lbx\english.lb
x
File: english.lbx 2025/07/10 v3.21 biblatex localization (PK/MW)
)
Package biblatex Info: XeTeX detected.
(biblatex)             Assuming input encoding 'utf8'.
Package biblatex Info: Automatic encoding selection.
(biblatex)             Assuming data encoding 'utf8'.
\openout4 = `main.bcf'.

Package biblatex Info: Trying to load bibliographic data...
Package biblatex Info: ... file 'main.bbl' found.
 (main.bbl)
Package biblatex Info: Reference section=0 on input line 57.
Package biblatex Info: Reference segment=0 on input line 57.
Package hyperref Info: Link coloring OFF on input line 57.
File: Pictures/background.pdf Graphic file (type pdf)
<use Pictures/background.pdf>
Package microtype Info: Loading generic protrusion settings for font family
(microtype)             `Arial' (encoding: TU).
(microtype)             For optimal results, create family-specific settings.
(microtype)             See the microtype manual for details.
LaTeX Font Info:    Trying to load font information for U+msa on input line 70.


(C:\Users\thanh\AppData\Local\Programs\MiKTeX\tex/latex/amsfonts\umsa.fd
File: umsa.fd 2013/01/14 v3.01 AMS symbols A
)
(C:\Users\thanh\AppData\Local\Programs\MiKTeX\tex/latex/microtype\mt-msa.cfg
File: mt-msa.cfg 2006/02/04 v1.1 microtype config. file: AMS symbols (a) (RS)
)
LaTeX Font Info:    Trying to load font information for U+msb on input line 70.


(C:\Users\thanh\AppData\Local\Programs\MiKTeX\tex/latex/amsfonts\umsb.fd
File: umsb.fd 2013/01/14 v3.01 AMS symbols B
)
(C:\Users\thanh\AppData\Local\Programs\MiKTeX\tex/latex/microtype\mt-msb.cfg
File: mt-msb.cfg 2005/06/01 v1.0 microtype config. file: AMS symbols (b) (RS)
)
(C:\Users\thanh\AppData\Local\Programs\MiKTeX\tex/latex/microtype\mt-cmr.cfg
File: mt-cmr.cfg 2013/05/19 v2.2 microtype config. file: Computer Modern Roman 
(RS)
)
[1

]
Underfull \hbox (badness 10000) in paragraph at lines 83--84

 []


Underfull \hbox (badness 10000) in paragraph at lines 85--86

 []


Underfull \hbox (badness 10000) in paragraph at lines 87--88

 []

Package microtype Info: Loading generic protrusion settings for font family
(microtype)             `lmtt' (encoding: TU).
(microtype)             For optimal results, create family-specific settings.
(microtype)             See the microtype manual for details.

Underfull \hbox (badness 10000) in paragraph at lines 89--90

 []

[2]
File: Pictures/chapter_head_1.pdf Graphic file (type pdf)
<use Pictures/chapter_head_1.pdf>
 (main.toc [3

])
\tf@toc=\write6
\openout6 = `main.toc'.

 [4]
\c@ttl@toc@default=\count523
 [5


] [6]
\openout2 = `chapters_tex/chapter_01.aux'.

 (chapters_tex/chapter_01.tex
Chương 1.
File: Pictures/chapter_head_1.pdf Graphic file (type pdf)
<use Pictures/chapter_head_1.pdf>
[7


] [8] [9] [10] [11] [12] [13] [14] [15] [16] [17] [18] [19] [20] [21]
[22] [23] [24]
File: Figures/img_p95_0.png Graphic file (type bmp)
<Figures/img_p95_0.png>
 [25]
Overfull \hbox (18.30563pt too wide) in paragraph at lines 1346--1361
[]\TU/TimesNewRoman(0)/m/n/10.95 Quan trọng là phải lưu ý rằng các chương trình
 \TU/lmtt/m/n/10.95 DrawFigures1\TU/TimesNewRoman(0)/m/n/10.95 , \TU/lmtt/m/n/1
0.95 DrawFigures2\TU/TimesNewRoman(0)/m/n/10.95 , và \TU/lmtt/m/n/10.95 DrawFig
ures3
 []

[26]
Underfull \vbox (badness 2671) has occurred while \output is active []

 [27]
[28]
Overfull \hbox (25.99103pt too wide) in paragraph at lines 1646--1646
 [] \TU/lmtt/m/n/10.95 5          System.out.println("which means ");  // that 
they are comments[] 
 []

[29] [30] [31] [32] [33] [34] [35] [36] [37] [38] [39] [40]
File: Figures/img_p65_1.png Graphic file (type bmp)
<Figures/img_p65_1.png>
 [41] [42] [43]
[44]
File: Figures/img_p75_0.png Graphic file (type bmp)
<Figures/img_p75_0.png>
 [45] [46]
File: Figures/img_p80_0.png Graphic file (type bmp)
<Figures/img_p80_0.png>

Underfull \vbox (badness 10000) has occurred while \output is active []

 [47])
[48]
\openout2 = `chapters_tex/chapter_02.aux'.

 (chapters_tex/chapter_02.tex
Chương 2.
File: Pictures/chapter_head_1.pdf Graphic file (type pdf)
<use Pictures/chapter_head_1.pdf>
[49




] [50]

Package fancyhdr Warning: \headheight is too small (14.5pt): 
(fancyhdr)                Make it at least 25.96204pt, for example:
(fancyhdr)                \setlength{\headheight}{25.96204pt}.
(fancyhdr)                You might also make \topmargin smaller:
(fancyhdr)                \addtolength{\topmargin}{-11.46204pt}.

[51] [52]

Package fancyhdr Warning: \headheight is too small (14.5pt): 
(fancyhdr)                Make it at least 25.96204pt, for example:
(fancyhdr)                \setlength{\headheight}{25.96204pt}.
(fancyhdr)                You might also make \topmargin smaller:
(fancyhdr)                \addtolength{\topmargin}{-11.46204pt}.

[53] [54]

Package fancyhdr Warning: \headheight is too small (14.5pt): 
(fancyhdr)                Make it at least 25.96204pt, for example:
(fancyhdr)                \setlength{\headheight}{25.96204pt}.
(fancyhdr)                You might also make \topmargin smaller:
(fancyhdr)                \addtolength{\topmargin}{-11.46204pt}.

[55]
Overfull \hbox (52.4542pt too wide) in paragraph at lines 591--594
\TU/TimesNewRoman(0)/m/n/10.95 Bạn đã thấy ở Chương 1 rằng bạn có thể xuất ra c
ác giá trị hằng chuỗi bằng cách sử dụng \TU/lmtt/m/n/10.95 System.out.println\T
U/TimesNewRoman(0)/m/n/10.95 .
 []

[56]

Package fancyhdr Warning: \headheight is too small (14.5pt): 
(fancyhdr)                Make it at least 25.96204pt, for example:
(fancyhdr)                \setlength{\headheight}{25.96204pt}.
(fancyhdr)                You might also make \topmargin smaller:
(fancyhdr)                \addtolength{\topmargin}{-11.46204pt}.

[57] [58]

Package fancyhdr Warning: \headheight is too small (14.5pt): 
(fancyhdr)                Make it at least 25.96204pt, for example:
(fancyhdr)                \setlength{\headheight}{25.96204pt}.
(fancyhdr)                You might also make \topmargin smaller:
(fancyhdr)                \addtolength{\topmargin}{-11.46204pt}.

[59]
LaTeX Font Info:    Font shape `TU/lmtt/bx/n' in size <10.95> not available
(Font)              Font shape `TU/lmtt/b/n' tried instead on input line 862.
 [60]

Package fancyhdr Warning: \headheight is too small (14.5pt): 
(fancyhdr)                Make it at least 25.96204pt, for example:
(fancyhdr)                \setlength{\headheight}{25.96204pt}.
(fancyhdr)                You might also make \topmargin smaller:
(fancyhdr)                \addtolength{\topmargin}{-11.46204pt}.

[61] [62]

Package fancyhdr Warning: \headheight is too small (14.5pt): 
(fancyhdr)                Make it at least 25.96204pt, for example:
(fancyhdr)                \setlength{\headheight}{25.96204pt}.
(fancyhdr)                You might also make \topmargin smaller:
(fancyhdr)                \addtolength{\topmargin}{-11.46204pt}.

[63]
File: Figures/img_p69_0.png Graphic file (type bmp)
<Figures/img_p69_0.png>
 [64]

Package fancyhdr Warning: \headheight is too small (14.5pt): 
(fancyhdr)                Make it at least 25.96204pt, for example:
(fancyhdr)                \setlength{\headheight}{25.96204pt}.
(fancyhdr)                You might also make \topmargin smaller:
(fancyhdr)                \addtolength{\topmargin}{-11.46204pt}.

[65]
LaTeX Font Info:    Font shape `TU/lmtt/bx/n' in size <10> not available
(Font)              Font shape `TU/lmtt/b/n' tried instead on input line 1186.
File: Figures/img_p72_0.png Graphic file (type bmp)
<Figures/img_p72_0.png>
 [66]

Package fancyhdr Warning: \headheight is too small (14.5pt): 
(fancyhdr)                Make it at least 25.96204pt, for example:
(fancyhdr)                \setlength{\headheight}{25.96204pt}.
(fancyhdr)                You might also make \topmargin smaller:
(fancyhdr)                \addtolength{\topmargin}{-11.46204pt}.

[67] [68]

Package fancyhdr Warning: \headheight is too small (14.5pt): 
(fancyhdr)                Make it at least 25.96204pt, for example:
(fancyhdr)                \setlength{\headheight}{25.96204pt}.
(fancyhdr)                You might also make \topmargin smaller:
(fancyhdr)                \addtolength{\topmargin}{-11.46204pt}.

[69] [70]

Package fancyhdr Warning: \headheight is too small (14.5pt): 
(fancyhdr)                Make it at least 25.96204pt, for example:
(fancyhdr)                \setlength{\headheight}{25.96204pt}.
(fancyhdr)                You might also make \topmargin smaller:
(fancyhdr)                \addtolength{\topmargin}{-11.46204pt}.

[71] [72]

Package fancyhdr Warning: \headheight is too small (14.5pt): 
(fancyhdr)                Make it at least 25.96204pt, for example:
(fancyhdr)                \setlength{\headheight}{25.96204pt}.
(fancyhdr)                You might also make \topmargin smaller:
(fancyhdr)                \addtolength{\topmargin}{-11.46204pt}.

[73] [74]

Package fancyhdr Warning: \headheight is too small (14.5pt): 
(fancyhdr)                Make it at least 25.96204pt, for example:
(fancyhdr)                \setlength{\headheight}{25.96204pt}.
(fancyhdr)                You might also make \topmargin smaller:
(fancyhdr)                \addtolength{\topmargin}{-11.46204pt}.

[75] [76]

Package fancyhdr Warning: \headheight is too small (14.5pt): 
(fancyhdr)                Make it at least 25.96204pt, for example:
(fancyhdr)                \setlength{\headheight}{25.96204pt}.
(fancyhdr)                You might also make \topmargin smaller:
(fancyhdr)                \addtolength{\topmargin}{-11.46204pt}.

[77] [78]

Package fancyhdr Warning: \headheight is too small (14.5pt): 
(fancyhdr)                Make it at least 25.96204pt, for example:
(fancyhdr)                \setlength{\headheight}{25.96204pt}.
(fancyhdr)                You might also make \topmargin smaller:
(fancyhdr)                \addtolength{\topmargin}{-11.46204pt}.

[79] [80]

Package fancyhdr Warning: \headheight is too small (14.5pt): 
(fancyhdr)                Make it at least 25.96204pt, for example:
(fancyhdr)                \setlength{\headheight}{25.96204pt}.
(fancyhdr)                You might also make \topmargin smaller:
(fancyhdr)                \addtolength{\topmargin}{-11.46204pt}.

[81] [82]

Package fancyhdr Warning: \headheight is too small (14.5pt): 
(fancyhdr)                Make it at least 25.96204pt, for example:
(fancyhdr)                \setlength{\headheight}{25.96204pt}.
(fancyhdr)                You might also make \topmargin smaller:
(fancyhdr)                \addtolength{\topmargin}{-11.46204pt}.

[83] [84]
Underfull \vbox (badness 10000) has occurred while \output is active []



Package fancyhdr Warning: \headheight is too small (14.5pt): 
(fancyhdr)                Make it at least 25.96204pt, for example:
(fancyhdr)                \setlength{\headheight}{25.96204pt}.
(fancyhdr)                You might also make \topmargin smaller:
(fancyhdr)                \addtolength{\topmargin}{-11.46204pt}.

[85] [86]

Package fancyhdr Warning: \headheight is too small (14.5pt): 
(fancyhdr)                Make it at least 25.96204pt, for example:
(fancyhdr)                \setlength{\headheight}{25.96204pt}.
(fancyhdr)                You might also make \topmargin smaller:
(fancyhdr)                \addtolength{\topmargin}{-11.46204pt}.

[87] [88]

Package fancyhdr Warning: \headheight is too small (14.5pt): 
(fancyhdr)                Make it at least 25.96204pt, for example:
(fancyhdr)                \setlength{\headheight}{25.96204pt}.
(fancyhdr)                You might also make \topmargin smaller:
(fancyhdr)                \addtolength{\topmargin}{-11.46204pt}.

[89]) [90]
\openout2 = `chapters_tex/chapter_03.aux'.

 (chapters_tex/chapter_03.tex
Chương 3.
File: Pictures/chapter_head_1.pdf Graphic file (type pdf)
<use Pictures/chapter_head_1.pdf>
[91




] [92]
File: Figures/img_p6_0.png Graphic file (type bmp)
<Figures/img_p6_0.png>

Overfull \hbox (5.9071pt too wide) in paragraph at lines 208--211
[]\TU/TimesNewRoman(0)/m/n/10.95 Trong trường hợp này, Java tính toán biểu thức
 để nhận được giá trị \TU/lmtt/m/n/10.95 7 \TU/TimesNewRoman(0)/m/n/10.95 và sa
u đó gọi \TU/lmtt/m/n/10.95 writeSpaces\TU/TimesNewRoman(0)/m/n/10.95 ,
 []


Package fancyhdr Warning: \headheight is too small (14.5pt): 
(fancyhdr)                Make it at least 27.44843pt, for example:
(fancyhdr)                \setlength{\headheight}{27.44843pt}.
(fancyhdr)                You might also make \topmargin smaller:
(fancyhdr)                \addtolength{\topmargin}{-12.94843pt}.

[93] [94]
Overfull \hbox (929.91336pt too wide) in paragraph at lines 295--295
[]\TU/lmtt/m/n/10.95 Lưu ý rằng `writeSpaces` được gọi ở hai thời điểm khác nha
u, chỉ định số lượng khoảng trắng cần thiết trong mỗi trường hợp. Bạn có thể sử
a đổi phương thức `drawBottom` từ chương trình `DrawFigure2` theo cách tương tự
 để đơn giản hóa nó.[] 
 []


Overfull \hbox (728.70715pt too wide) in paragraph at lines 295--295
[]\TU/lmtt/m/n/10.95 Bạn có thể viết toàn bộ một phương thức trong JShell để ki
ểm tra các tham số. Dưới đây là một phương thức có tên `writeStars` để in một s
ố lượng dấu hoa thị nhất định ra giao diện điều khiển (console):[] 
 []


Package fancyhdr Warning: \headheight is too small (14.5pt): 
(fancyhdr)                Make it at least 27.44843pt, for example:
(fancyhdr)                \setlength{\headheight}{27.44843pt}.
(fancyhdr)                You might also make \topmargin smaller:
(fancyhdr)                \addtolength{\topmargin}{-12.94843pt}.

[95]
Overfull \hbox (14.77727pt too wide) in paragraph at lines 372--378
[]\TU/TimesNewRoman(0)/m/n/10.95 Sơ đồ dưới đây chỉ ra cách bộ nhớ của máy tính
 sẽ trông như thế nào khi phương thức \TU/lmtt/m/n/10.95 writeSpaces
 []

File: Figures/img_p14_0.png Graphic file (type bmp)
<Figures/img_p14_0.png>

Overfull \hbox (1.65723pt too wide) in paragraph at lines 405--410
[]\TU/TimesNewRoman(0)/m/n/10.95 Dòng đầu tiên in ra một dấu chấm than trên dòn
g kết quả đầu ra thứ hai, sau đó gọi \TU/lmtt/m/n/10.95 writeSpaces
 []

[96]
File: Figures/img_p15_0.png Graphic file (type bmp)
<Figures/img_p15_0.png>
File: Figures/img_p16_0.png Graphic file (type bmp)
<Figures/img_p16_0.png>
File: Figures/img_p17_0.png Graphic file (type bmp)
<Figures/img_p17_0.png>
File: Figures/img_p17_1.png Graphic file (type bmp)
<Figures/img_p17_1.png>


Package fancyhdr Warning: \headheight is too small (14.5pt): 
(fancyhdr)                Make it at least 27.44843pt, for example:
(fancyhdr)                \setlength{\headheight}{27.44843pt}.
(fancyhdr)                You might also make \topmargin smaller:
(fancyhdr)                \addtolength{\topmargin}{-12.94843pt}.

[97] [98]

Package fancyhdr Warning: \headheight is too small (14.5pt): 
(fancyhdr)                Make it at least 27.44843pt, for example:
(fancyhdr)                \setlength{\headheight}{27.44843pt}.
(fancyhdr)                You might also make \topmargin smaller:
(fancyhdr)                \addtolength{\topmargin}{-12.94843pt}.

[99]
Overfull \hbox (194.07352pt too wide) in paragraph at lines 620--620
[]\TU/lmtt/m/n/10.95 Chương trình này bắt đầu bằng việc khai báo và khởi tạo mộ
t biến số nguyên được gọi là `x` với giá trị `17`:[] 
 []


Overfull \hbox (705.71216pt too wide) in paragraph at lines 620--620
[]\TU/lmtt/m/n/10.95 Sau đó, nó gọi phương thức `doubleNumber`, truyền `x` vào 
dưới dạng một tham số. Giá trị của `x` được sử dụng để khởi tạo tham số `number
` như một biến cục bộ của phương thức có tên `doubleNumber`:[] 
 []


Overfull \hbox (544.7472pt too wide) in paragraph at lines 620--620
[]\TU/lmtt/m/n/10.95 Tiếp theo, chương trình thực thi các câu lệnh bên trong `d
oubleNumber`. Đầu tiên, `doubleNumber` in ra giá trị ban đầu của `number` (`17`
). Sau đó, nó nhân đôi `number`:[] 
 []


Overfull \hbox (1159.86331pt too wide) in paragraph at lines 620--620
[]\TU/lmtt/m/n/10.95 Lưu ý rằng điều này không có tác động gì đến biến `x`. Tha
m số được gọi là `number` là một bản sao của `x`, vì vậy mặc dù chúng bắt đầu g
iống nhau, việc thay đổi giá trị của `number` không làm ảnh hưởng đến `x`. Tiếp
 đó, `doubleNumber` báo cáo giá trị mới của `number` (`34`).[] 
 []


Overfull \hbox (21.61105pt too wide) in paragraph at lines 620--620
[]\TU/lmtt/m/n/10.95 Tại thời điểm này, `doubleNumber` kết thúc thực thi và chú
ng ta trở về `main`:[] 
 []


Overfull \hbox (493.00845pt too wide) in paragraph at lines 620--620
[]\TU/lmtt/m/n/10.95 Câu lệnh tiếp theo trong phương thức `main` báo cáo giá tr
ị của `x`, đó là `17`. Sau đó, nó khai báo và khởi tạo một biến được gọi là `nu
mber` với giá trị `42`:[] 
 []


Overfull \hbox (1085.12958pt too wide) in paragraph at lines 620--620
[]\TU/lmtt/m/n/10.95 Câu lệnh sau đó gọi `doubleNumber` một lần nữa, lần này tr
uyền cho nó giá trị của `number`. Đây là một tình huống kỳ lạ vì tham số này có
 cùng tên với biến trong `main`, nhưng Java không quan tâm. Nó luôn tạo ra một 
biến cục bộ mới cho phương thức `doubleNumber`:[] 
 []


Overfull \hbox (941.41086pt too wide) in paragraph at lines 620--620
[]\TU/lmtt/m/n/10.95 Vì vậy, tại thời điểm này có hai biến khác nhau được gọi l
à `number`, mỗi biến ở một phương thức. Bây giờ là lúc để thực thi các câu lệnh
 của `doubleNumber` một lần nữa. Đầu tiên nó báo cáo giá trị của `number` (`42`
), sau đó nhân đôi nó:[] 
 []


Overfull \hbox (935.66211pt too wide) in paragraph at lines 620--620
[]\TU/lmtt/m/n/10.95 Một lần nữa, lưu ý rằng việc nhân đôi `number` bên trong `
doubleNumber` không có tác động gì đến biến ban đầu `number` trong `main`. Đây 
là các biến riêng biệt. Phương thức sau đó báo cáo giá trị mới của `number` (`8
4`) và trở về `main`:[] 
 []


Overfull \hbox (268.80725pt too wide) in paragraph at lines 620--620
[]\TU/lmtt/m/n/10.95 Tiếp đó, chương trình báo cáo giá trị của `number` và kết 
thúc. Vì vậy, tổng thể kết quả đầu ra của chương trình như sau:[] 
 []

[100]

Package fancyhdr Warning: \headheight is too small (14.5pt): 
(fancyhdr)                Make it at least 27.44843pt, for example:
(fancyhdr)                \setlength{\headheight}{27.44843pt}.
(fancyhdr)                You might also make \topmargin smaller:
(fancyhdr)                \addtolength{\topmargin}{-12.94843pt}.

[101]
File: Figures/img_p28_0.png Graphic file (type bmp)
<Figures/img_p28_0.png>
 [102]
Overfull \hbox (1297.83328pt too wide) in paragraph at lines 820--820
[]\TU/lmtt/m/n/10.95 Khi bạn viết các phương thức nhận nhiều tham số, phần tiêu
 đề phương thức có thể trở nên rất dài. Người ta thường ngắt các dòng dài (nhữn
g dòng vượt quá khoảng 80 ký tự) bằng cách chèn một ngắt dòng sau một toán tử h
oặc một tham số và thụt lề dòng tiếp theo bằng hai lần độ rộng thụt lề thông th
ường:[] 
 []


Package fancyhdr Warning: \headheight is too small (14.5pt): 
(fancyhdr)                Make it at least 27.44843pt, for example:
(fancyhdr)                \setlength{\headheight}{27.44843pt}.
(fancyhdr)                You might also make \topmargin smaller:
(fancyhdr)                \addtolength{\topmargin}{-12.94843pt}.

[103] [104]

Package fancyhdr Warning: \headheight is too small (14.5pt): 
(fancyhdr)                Make it at least 27.44843pt, for example:
(fancyhdr)                \setlength{\headheight}{27.44843pt}.
(fancyhdr)                You might also make \topmargin smaller:
(fancyhdr)                \addtolength{\topmargin}{-12.94843pt}.

[105] [106]
Overfull \hbox (3.55226pt too wide) in paragraph at lines 1063--1067
[]\TU/TimesNewRoman(0)/m/n/10.95 sqrt(13) = 3.605551275463989 sqrt(14) = 3.7416
573867739413 sqrt(15) = 3.872983346207417
 []


Overfull \hbox (40.67674pt too wide) in paragraph at lines 1063--1067
\TU/TimesNewRoman(0)/m/n/10.95 sqrt(16) = 4.0 sqrt(17) = 4.123105625617661 sqrt
(18) = 4.242640687119285 sqrt(19) = 4.358898943540674
 []


Overfull \hbox (1113.87332pt too wide) in paragraph at lines 1094--1094
[]\TU/lmtt/m/n/10.95 Lưu ý rằng chúng ta đã truyền một giá trị có kiểu `int` ch
o `Math.sqrt`, nhưng tiêu đề cho biết rằng nó mong đợi một giá trị kiểu `double
`. Hãy nhớ rằng nếu Java đang mong đợi một `double` và nhận được một `int`, nó 
sẽ chuyển đổi `int` đó thành một `double` tương ứng.[] 
 []


Overfull \hbox (803.44089pt too wide) in paragraph at lines 1094--1094
[]\TU/lmtt/m/n/10.95 Lớp `Math` cũng định nghĩa hai hằng số thường được sử dụng
: $e$ và $\pi$ (xem Bảng 3.1). Theo quy ước của Java, chúng ta sử dụng toàn bộ 
chữ in hoa cho tên của chúng và dẫn chiếu tới chúng là `Math.E` và `Math.PI`.[]
 
 []


Overfull \hbox (2355.60306pt too wide) in paragraph at lines 1094--1094
[]\TU/lmtt/m/n/10.95 Bảng 3.2 liệt kê một số phương thức tĩnh hữu ích nhất từ l
ớp `Math`. Bạn có thể xem danh sách đầy đủ các phương thức được định nghĩa tron
g lớp `Math` bằng cách kiểm tra tài liệu API cho phiên bản Java của bạn. API mô
 tả cách sử dụng các thư viện chuẩn (standard libraries) có sẵn cho các lập trì
nh viên Java. Nó có thể hơi choáng ngợp, vì các thư viện Java rất rộng lớn. Hãy
 dạo quanh một chút nếu bạn có hứng thú, nhưng đừng thất vọng vì có quá nhiều t
hư viện để lựa chọn trong Java.[] 
 []


Overfull \hbox (136.58603pt too wide) in paragraph at lines 1094--1094
[]\TU/lmtt/m/n/10.95 **Bảng 3.2 Các Phương thức Tĩnh Hữu ích trong Lớp Math (Us
eful Static Methods in the Math Class)**[] 
 []


Package fancyhdr Warning: \headheight is too small (14.5pt): 
(fancyhdr)                Make it at least 27.44843pt, for example:
(fancyhdr)                \setlength{\headheight}{27.44843pt}.
(fancyhdr)                You might also make \topmargin smaller:
(fancyhdr)                \addtolength{\topmargin}{-12.94843pt}.

[107]
File: Figures/img_p44_0.png Graphic file (type bmp)
<Figures/img_p44_0.png>
 [108]

Package fancyhdr Warning: \headheight is too small (14.5pt): 
(fancyhdr)                Make it at least 27.44843pt, for example:
(fancyhdr)                \setlength{\headheight}{27.44843pt}.
(fancyhdr)                You might also make \topmargin smaller:
(fancyhdr)                \addtolength{\topmargin}{-12.94843pt}.

[109] [110]

Package fancyhdr Warning: \headheight is too small (14.5pt): 
(fancyhdr)                Make it at least 27.44843pt, for example:
(fancyhdr)                \setlength{\headheight}{27.44843pt}.
(fancyhdr)                You might also make \topmargin smaller:
(fancyhdr)                \addtolength{\topmargin}{-12.94843pt}.

[111] [112]
Overfull \hbox (4.40173pt too wide) in paragraph at lines 1509--1515
[]\TU/TimesNewRoman(0)/m/n/10.95 Hãy coi điều này như việc đang nói chuyện với 
đối tượng \TU/lmtt/m/n/10.95 String\TU/TimesNewRoman(0)/m/n/10.95 . Khi bạn yêu
 cầu \TU/lmtt/m/n/10.95 s.length()\TU/TimesNewRoman(0)/m/n/10.95 ,
 []


Package fancyhdr Warning: \headheight is too small (14.5pt): 
(fancyhdr)                Make it at least 27.44843pt, for example:
(fancyhdr)                \setlength{\headheight}{27.44843pt}.
(fancyhdr)                You might also make \topmargin smaller:
(fancyhdr)                \addtolength{\topmargin}{-12.94843pt}.

[113] [114]

Package fancyhdr Warning: \headheight is too small (14.5pt): 
(fancyhdr)                Make it at least 27.44843pt, for example:
(fancyhdr)                \setlength{\headheight}{27.44843pt}.
(fancyhdr)                You might also make \topmargin smaller:
(fancyhdr)                \addtolength{\topmargin}{-12.94843pt}.

[115]
Overfull \hbox (119.33978pt too wide) in paragraph at lines 1750--1750
[]\TU/lmtt/m/n/10.95 Bảng 3.3 liệt kê một số phương thức hữu ích nhất mà bạn có
 thể gọi trên các đối tượng `String`.[] 
 []


Overfull \hbox (102.09354pt too wide) in paragraph at lines 1750--1750
[]\TU/lmtt/m/n/10.95 **Bảng 3.3 Các Phương thức Hữu ích của Đối tượng String (U
seful Methods of String Objects)**[] 
 []


Overfull \hbox (475.7622pt too wide) in paragraph at lines 1750--1750
[]\TU/lmtt/m/n/10.95 Các chuỗi (`String`) trong Java là bất biến (immutable), đ
iều đó có nghĩa là một khi chúng được khởi tạo, giá trị của chúng không bao giờ
 có thể bị thay đổi.[] 
 []


Overfull \hbox (1332.32578pt too wide) in paragraph at lines 1750--1750
[]\TU/lmtt/m/n/10.95 Có vẻ kỳ lạ khi các `String` là bất biến mà lại có các phư
ơng thức như `toUpperCase` và `toLowerCase`. Nhưng nếu bạn đọc kỹ các mô tả tro
ng bảng, bạn sẽ thấy rằng các phương thức này thực sự không làm thay đổi một đố
i tượng `String` đã cho; thay vào đó, chúng trả về một chuỗi mới. Hãy xem xét đ
oạn mã sau:[] 
 []

[116]

Package fancyhdr Warning: \headheight is too small (14.5pt): 
(fancyhdr)                Make it at least 27.44843pt, for example:
(fancyhdr)                \setlength{\headheight}{27.44843pt}.
(fancyhdr)                You might also make \topmargin smaller:
(fancyhdr)                \addtolength{\topmargin}{-12.94843pt}.

[117] [118]

Package fancyhdr Warning: \headheight is too small (14.5pt): 
(fancyhdr)                Make it at least 27.44843pt, for example:
(fancyhdr)                \setlength{\headheight}{27.44843pt}.
(fancyhdr)                You might also make \topmargin smaller:
(fancyhdr)                \addtolength{\topmargin}{-12.94843pt}.

[119] [120]
Missing character: There is no ब in font Times New Roman/OT:script=latn;languag
e=dflt;mapping=tex-text;!
Missing character: There is no त in font Times New Roman/OT:script=latn;languag
e=dflt;mapping=tex-text;!
Missing character: There is no ा in font Times New Roman/OT:script=latn;languag
e=dflt;mapping=tex-text;!
Missing character: There is no ए in font Times New Roman/OT:script=latn;languag
e=dflt;mapping=tex-text;!

Package fancyhdr Warning: \headheight is too small (14.5pt): 
(fancyhdr)                Make it at least 27.44843pt, for example:
(fancyhdr)                \setlength{\headheight}{27.44843pt}.
(fancyhdr)                You might also make \topmargin smaller:
(fancyhdr)                \addtolength{\topmargin}{-12.94843pt}.

[121] [122]
File: Figures/img_p83_1.png Graphic file (type bmp)
<Figures/img_p83_1.png>


Package fancyhdr Warning: \headheight is too small (14.5pt): 
(fancyhdr)                Make it at least 27.44843pt, for example:
(fancyhdr)                \setlength{\headheight}{27.44843pt}.
(fancyhdr)                You might also make \topmargin smaller:
(fancyhdr)                \addtolength{\topmargin}{-12.94843pt}.

[123] [124]

Package fancyhdr Warning: \headheight is too small (14.5pt): 
(fancyhdr)                Make it at least 27.44843pt, for example:
(fancyhdr)                \setlength{\headheight}{27.44843pt}.
(fancyhdr)                You might also make \topmargin smaller:
(fancyhdr)                \addtolength{\topmargin}{-12.94843pt}.

[125] [126]

Package fancyhdr Warning: \headheight is too small (14.5pt): 
(fancyhdr)                Make it at least 27.44843pt, for example:
(fancyhdr)                \setlength{\headheight}{27.44843pt}.
(fancyhdr)                You might also make \topmargin smaller:
(fancyhdr)                \addtolength{\topmargin}{-12.94843pt}.

[127] [128]

Package fancyhdr Warning: \headheight is too small (14.5pt): 
(fancyhdr)                Make it at least 27.44843pt, for example:
(fancyhdr)                \setlength{\headheight}{27.44843pt}.
(fancyhdr)                You might also make \topmargin smaller:
(fancyhdr)                \addtolength{\topmargin}{-12.94843pt}.

[129]
Underfull \hbox (badness 10000) in paragraph at lines 2674--2676

 []


Underfull \hbox (badness 10000) in paragraph at lines 2676--2678

 []


Underfull \hbox (badness 10000) in paragraph at lines 2678--2680

 []


Underfull \hbox (badness 10000) in paragraph at lines 2680--2682

 []

[130]

Package fancyhdr Warning: \headheight is too small (14.5pt): 
(fancyhdr)                Make it at least 27.44843pt, for example:
(fancyhdr)                \setlength{\headheight}{27.44843pt}.
(fancyhdr)                You might also make \topmargin smaller:
(fancyhdr)                \addtolength{\topmargin}{-12.94843pt}.

[131]
Overfull \hbox (4.3648pt too wide) in paragraph at lines 2792--2792
[] \TU/lmtt/m/n/10.95 15     public static void sentence(String three, String o
ne, int number) {[] 
 []


Overfull \hbox (27.35979pt too wide) in paragraph at lines 2792--2792
[] \TU/lmtt/m/n/10.95 16         System.out.println(one + " times " + three + "
 = " + (number * 2));[] 
 []

[132]
Overfull \hbox (15.8623pt too wide) in paragraph at lines 2864--2864
[] \TU/lmtt/m/n/10.95 15     public static void carbonated(String Coke, String 
soda, String pop) {[] 
 []


Overfull \hbox (21.61105pt too wide) in paragraph at lines 2864--2864
[] \TU/lmtt/m/n/10.95 16         System.out.println("say " + soda + " not " + p
op + " or " + Coke);[] 
 []


Package fancyhdr Warning: \headheight is too small (14.5pt): 
(fancyhdr)                Make it at least 27.44843pt, for example:
(fancyhdr)                \setlength{\headheight}{27.44843pt}.
(fancyhdr)                You might also make \topmargin smaller:
(fancyhdr)                \addtolength{\topmargin}{-12.94843pt}.

[133]
Underfull \hbox (badness 10000) in paragraph at lines 2914--2916

 []


Underfull \hbox (badness 10000) in paragraph at lines 2916--2918

 []


Underfull \hbox (badness 10000) in paragraph at lines 2918--2920

 []


Underfull \hbox (badness 10000) in paragraph at lines 2920--2922

 []


Underfull \hbox (badness 10000) in paragraph at lines 2922--2924

 []


Underfull \hbox (badness 10000) in paragraph at lines 2924--2926

 []


Underfull \hbox (badness 10000) in paragraph at lines 2926--2928

 []


Underfull \hbox (badness 10000) in paragraph at lines 2928--2930

 []


Underfull \hbox (badness 10000) in paragraph at lines 2930--2932

 []


Underfull \hbox (badness 10000) in paragraph at lines 2932--2934

 []


Underfull \hbox (badness 10000) in paragraph at lines 2934--2936

 []


Underfull \hbox (badness 10000) in paragraph at lines 2936--2938

 []


Underfull \hbox (badness 10000) in paragraph at lines 2938--2940

 []


Underfull \hbox (badness 10000) in paragraph at lines 2940--2942

 []


Underfull \hbox (badness 10000) in paragraph at lines 2942--2944

 []

[134]

Package fancyhdr Warning: \headheight is too small (14.5pt): 
(fancyhdr)                Make it at least 27.44843pt, for example:
(fancyhdr)                \setlength{\headheight}{27.44843pt}.
(fancyhdr)                You might also make \topmargin smaller:
(fancyhdr)                \addtolength{\topmargin}{-12.94843pt}.

[135]
Underfull \hbox (badness 10000) in paragraph at lines 3033--3035

 []


Underfull \hbox (badness 10000) in paragraph at lines 3035--3037

 []


Underfull \hbox (badness 10000) in paragraph at lines 3037--3039

 []


Underfull \hbox (badness 10000) in paragraph at lines 3039--3041

 []


Underfull \hbox (badness 10000) in paragraph at lines 3041--3043

 []


Underfull \hbox (badness 10000) in paragraph at lines 3045--3047

 []


Underfull \hbox (badness 10000) in paragraph at lines 3047--3049

 []


Underfull \hbox (badness 10000) in paragraph at lines 3049--3051

 []


Underfull \hbox (badness 10000) in paragraph at lines 3051--3053

 []


Underfull \hbox (badness 10000) in paragraph at lines 3070--3072

 []


Underfull \hbox (badness 10000) in paragraph at lines 3072--3074

 []


Underfull \hbox (badness 10000) in paragraph at lines 3074--3076

 []


Underfull \hbox (badness 10000) in paragraph at lines 3076--3078

 []


Underfull \hbox (badness 10000) in paragraph at lines 3078--3080

 []


Underfull \hbox (badness 10000) in paragraph at lines 3080--3082

 []


Underfull \hbox (badness 10000) in paragraph at lines 3082--3084

 []


Underfull \hbox (badness 10000) in paragraph at lines 3084--3086

 []

[136]
Underfull \hbox (badness 10000) in paragraph at lines 3086--3088

 []


Underfull \hbox (badness 10000) in paragraph at lines 3088--3090

 []


Underfull \hbox (badness 10000) in paragraph at lines 3090--3092

 []


Underfull \hbox (badness 10000) in paragraph at lines 3092--3094

 []


Underfull \hbox (badness 10000) in paragraph at lines 3094--3096

 []


Overfull \hbox (1.84628pt too wide) in paragraph at lines 3096--3097
[]\TU/lmtt/m/n/10.95 str2.toLowerCase().substring(9, 13) + str3.substring(18, s
tr3.length()
 []


Underfull \hbox (badness 10000) in paragraph at lines 3124--3126

 []


Underfull \hbox (badness 10000) in paragraph at lines 3126--3128

 []


Underfull \hbox (badness 10000) in paragraph at lines 3128--3130

 []


Underfull \hbox (badness 10000) in paragraph at lines 3130--3132

 []


Underfull \hbox (badness 10000) in paragraph at lines 3132--3134

 []


Underfull \hbox (badness 10000) in paragraph at lines 3134--3136

 []


Underfull \hbox (badness 10000) in paragraph at lines 3136--3138

 []


Package fancyhdr Warning: \headheight is too small (14.5pt): 
(fancyhdr)                Make it at least 27.44843pt, for example:
(fancyhdr)                \setlength{\headheight}{27.44843pt}.
(fancyhdr)                You might also make \topmargin smaller:
(fancyhdr)                \addtolength{\topmargin}{-12.94843pt}.

[137] [138]

Package fancyhdr Warning: \headheight is too small (14.5pt): 
(fancyhdr)                Make it at least 27.44843pt, for example:
(fancyhdr)                \setlength{\headheight}{27.44843pt}.
(fancyhdr)                You might also make \topmargin smaller:
(fancyhdr)                \addtolength{\topmargin}{-12.94843pt}.

[139] [140]
File: Figures/img_p129_0.png Graphic file (type bmp)
<Figures/img_p129_0.png>

Overfull \hbox (2.51714pt too wide) in paragraph at lines 3448--3453
[]\TU/TimesNewRoman(0)/m/n/10.95 Sử dụng các giá trị này trong phương trình kho
ảng cách góc, bạn nhận được: $\OML/cmm/m/it/10.95 r\OT1/cmr/m/n/10.95 ^^A\OML/c
mm/m/it/10.95 ^^[ \OT1/cmr/m/n/10.95 = 6372\OML/cmm/m/it/10.95 :\OT1/cmr/m/n/10
.95 795 \OMS/cmsy/m/n/10.95 ^^B
 []


Package fancyhdr Warning: \headheight is too small (14.5pt): 
(fancyhdr)                Make it at least 27.44843pt, for example:
(fancyhdr)                \setlength{\headheight}{27.44843pt}.
(fancyhdr)                You might also make \topmargin smaller:
(fancyhdr)                \addtolength{\topmargin}{-12.94843pt}.

[141]
File: Figures/img_p132_0.png Graphic file (type bmp)
<Figures/img_p132_0.png>
 [142]
File: Figures/img_p135_0.png Graphic file (type bmp)
<Figures/img_p135_0.png>
File: Figures/img_p136_1.png Graphic file (type bmp)
<Figures/img_p136_1.png>
 [143]
File: Figures/img_p138_0.png Graphic file (type bmp)
<Figures/img_p138_0.png>
 [144]
File: Figures/img_p139_0.png Graphic file (type bmp)
<Figures/img_p139_0.png>
 [145]
File: Figures/img_p142_0.png Graphic file (type bmp)
<Figures/img_p142_0.png>

Underfull \vbox (badness 10000) has occurred while \output is active []

 [146]
[147]
File: Figures/img_p144_0.png Graphic file (type bmp)
<Figures/img_p144_0.png>
File: Figures/img_p146_1.png Graphic file (type bmp)
<Figures/img_p146_1.png>

Underfull \vbox (badness 1052) has occurred while \output is active []

 [148]
File: Figures/img_p147_0.png Graphic file (type bmp)
<Figures/img_p147_0.png>

[149]
File: Figures/img_p148_0.png Graphic file (type bmp)
<Figures/img_p148_0.png>
File: Figures/img_p149_0.png Graphic file (type bmp)
<Figures/img_p149_0.png>

Underfull \vbox (badness 10000) has occurred while \output is active []

 [150]
File: Figures/img_p151_0.png Graphic file (type bmp)
<Figures/img_p151_0.png>

[151]
File: Figures/img_p151_1.png Graphic file (type bmp)
<Figures/img_p151_1.png>
File: Figures/img_p152_1.png Graphic file (type bmp)
<Figures/img_p152_1.png>
 [152]
File: Figures/img_p153_0.png Graphic file (type bmp)
<Figures/img_p153_0.png>
File: Figures/img_p154_1.png Graphic file (type bmp)
<Figures/img_p154_1.png>

Underfull \vbox (badness 10000) has occurred while \output is active []

 [153]
[154]
File: Figures/img_p157_0.png Graphic file (type bmp)
<Figures/img_p157_0.png>
File: Figures/img_p158_0.png Graphic file (type bmp)
<Figures/img_p158_0.png>
 [155] [156]
File: Figures/img_p160_1.png Graphic file (type bmp)
<Figures/img_p160_1.png>
File: Figures/img_p161_0.png Graphic file (type bmp)
<Figures/img_p161_0.png>
File: Figures/img_p162_0.png Graphic file (type bmp)
<Figures/img_p162_0.png>
 [157]
File: Figures/img_p163_0.png Graphic file (type bmp)
<Figures/img_p163_0.png>
 [158]
File: Figures/img_p164_0.png Graphic file (type bmp)
<Figures/img_p164_0.png>
File: Figures/img_p165_1.png Graphic file (type bmp)
<Figures/img_p165_1.png>

Underfull \vbox (badness 10000) has occurred while \output is active []

 [159]
File: Figures/img_p166_0.png Graphic file (type bmp)
<Figures/img_p166_0.png>

[160]
Overfull \hbox (12.90799pt too wide) in paragraph at lines 4453--4457
[]\TU/TimesNewRoman(0)/m/n/10.95 Chương trình sẽ không biên dịch được nếu không
 truyền \TU/lmtt/m/n/10.95 Graphics g \TU/TimesNewRoman(0)/m/n/10.95 cho phương
 thức \TU/lmtt/m/n/10.95 drawText\TU/TimesNewRoman(0)/m/n/10.95 ,
 []

File: Figures/img_p168_0.png Graphic file (type bmp)
<Figures/img_p168_0.png>
[161]
File: Figures/img_p170_1.png Graphic file (type bmp)
<Figures/img_p170_1.png>
 [162]
File: Figures/img_p172_0.png Graphic file (type bmp)
<Figures/img_p172_0.png>
File: Figures/img_p173_0.png Graphic file (type bmp)
<Figures/img_p173_0.png>

Underfull \vbox (badness 10000) has occurred while \output is active []

 [163]
[164]
File: Figures/img_p175_1.png Graphic file (type bmp)
<Figures/img_p175_1.png>
File: Figures/img_p176_1.png Graphic file (type bmp)
<Figures/img_p176_1.png>
File: Figures/img_p177_0.png Graphic file (type bmp)
<Figures/img_p177_0.png>

Underfull \vbox (badness 3058) has occurred while \output is active []

 [165]
File: Figures/img_p177_1.png Graphic file (type bmp)
<Figures/img_p177_1.png>

[166]
File: Figures/img_p180_0.png Graphic file (type bmp)
<Figures/img_p180_0.png>
 [167] [168]
Overfull \hbox (8.24994pt too wide) in paragraph at lines 4877--4894
[]\TU/TimesNewRoman(0)/m/n/10.95 4 5 public class Pyramids { 6 public static fi
nal int SIZE = 100; 7 8 public static void main(String[]
 []


Overfull \hbox (1240.3458pt too wide) in paragraph at lines 4919--4919
[]\TU/lmtt/m/n/10.95 - `DrawingPanel` là một lớp tùy chỉnh (custom class) được 
cung cấp bởi các tác giả để dễ dàng hiển thị một cửa sổ đồ họa trên màn hình. M
ột `DrawingPanel` chứa một đối tượng `Graphics` có thể được sử dụng để vẽ các đ
ường thẳng, văn bản và hình dạng trên màn hình bằng các màu sắc khác nhau.[] 
 []


Overfull \hbox (1056.38583pt too wide) in paragraph at lines 4919--4919
[]\TU/lmtt/m/n/10.95 - Đối tượng `Graphics` có nhiều phương thức hữu ích để vẽ 
các hình dạng và đường thẳng, chẳng hạn như `drawLine`, `fillRect` và `setColor
`. Các hình dạng có thể được "vẽ" ("drawn" - chỉ vẽ đường viền) hoặc "được tô m
àu" ("filled" - tô màu toàn bộ hình dạng).[] 
 []


Overfull \hbox (665.47092pt too wide) in paragraph at lines 4919--4919
[]\TU/lmtt/m/n/10.95 - Đối tượng `Graphics` có thể viết văn bản trên màn hình b
ằng phương thức `drawString` của nó. Bạn có thể chỉ định các kiểu dáng và kích 
thước phông chữ khác nhau bằng phương thức `setFont`.[] 
 []


Overfull \hbox (1004.6471pt too wide) in paragraph at lines 4919--4919
[]\TU/lmtt/m/n/10.95 - Các chương trình đồ họa được phân rã thành các phương th
ức phải truyền các tham số thích hợp cho các phương thức đó (ví dụ: đối tượng `
Graphics`, cũng như bất kỳ tọa độ $(x, y)$ nào, kích thước hoặc các giá trị khá
c để hướng dẫn các hình được vẽ).[] 
 []

[169]
Overfull \hbox (297.551pt too wide) in paragraph at lines 4919--4919
[]\TU/lmtt/m/n/10.95 **2.** Có hai lỗi trong đoạn mã sau đây, trong đó cố gắng 
vẽ một đường thẳng từ tọa độ `(50, 86)` đến `(20, 35)`. Chúng là gì?[] 
 []

File: Figures/img_p190_1.png Graphic file (type bmp)
<Figures/img_p190_1.png>
[170]
File: Figures/img_p191_1.png Graphic file (type bmp)
<Figures/img_p191_1.png>

Overfull \hbox (4.3648pt too wide) in paragraph at lines 4981--4981
[] \TU/lmtt/m/n/10.95 8              g.drawOval(i * 10, i * 10, 200 - (i * 10),
 200 - (i * 10));[] 
 []

File: Figures/img_p193_1.png Graphic file (type bmp)
<Figures/img_p193_1.png>
[171]
File: Figures/img_p194_0.png Graphic file (type bmp)
<Figures/img_p194_0.png>
File: Figures/img_p195_1.png Graphic file (type bmp)
<Figures/img_p195_1.png>
File: Figures/img_p196_1.png Graphic file (type bmp)
<Figures/img_p196_1.png>
 [172]
File: Figures/img_p198_1.png Graphic file (type bmp)
<Figures/img_p198_1.png>
File: Figures/img_p199_0.png Graphic file (type bmp)
<Figures/img_p199_0.png>
File: Figures/img_p200_0.png Graphic file (type bmp)
<Figures/img_p200_0.png>
 [173]
File: Figures/img_p200_1.png Graphic file (type bmp)
<Figures/img_p200_1.png>
File: Figures/img_p201_1.png Graphic file (type bmp)
<Figures/img_p201_1.png>
File: Figures/img_p202_1.png Graphic file (type bmp)
<Figures/img_p202_1.png>
File: Figures/img_p204_0.png Graphic file (type bmp)
<Figures/img_p204_0.png>
 [174]
File: Figures/img_p204_1.png Graphic file (type bmp)
<Figures/img_p204_1.png>
File: Figures/img_p205_2.png Graphic file (type bmp)
<Figures/img_p205_2.png>
File: Figures/img_p206_1.png Graphic file (type bmp)
<Figures/img_p206_1.png>
File: Figures/img_p208_1.png Graphic file (type bmp)
<Figures/img_p208_1.png>
 [175]
File: Figures/img_p209_0.png Graphic file (type bmp)
<Figures/img_p209_0.png>
File: Figures/img_p210_1.png Graphic file (type bmp)
<Figures/img_p210_1.png>
File: Figures/img_p211_1.png Graphic file (type bmp)
<Figures/img_p211_1.png>
File: Figures/img_p212_1.png Graphic file (type bmp)
<Figures/img_p212_1.png>
File: Figures/img_p213_0.png Graphic file (type bmp)
<Figures/img_p213_0.png>

Underfull \vbox (badness 1028) has occurred while \output is active []

 [176])
[177]
\openout2 = `chapters_tex/chapter_04.aux'.

 (chapters_tex/chapter_04.tex [178




]
Chương 4.
File: Pictures/chapter_head_1.pdf Graphic file (type pdf)
<use Pictures/chapter_head_1.pdf>
File: Figures/img_p216_0.png Graphic file (type bmp)
<Figures/img_p216_0.png>
[179]
File: Figures/img_p217_0.png Graphic file (type bmp)
<Figures/img_p217_0.png>
 [180]
File: Figures/img_p221_0.png Graphic file (type bmp)
<Figures/img_p221_0.png>
File: Figures/img_p222_0.png Graphic file (type bmp)
<Figures/img_p222_0.png>
 [181]
File: Figures/img_p224_0.png Graphic file (type bmp)
<Figures/img_p224_0.png>
File: Figures/img_p225_0.png Graphic file (type bmp)
<Figures/img_p225_0.png>

Underfull \vbox (badness 5446) has occurred while \output is active []

 [182]
File: Figures/img_p226_0.png Graphic file (type bmp)
<Figures/img_p226_0.png>
File: Figures/img_p227_0.png Graphic file (type bmp)
<Figures/img_p227_0.png>

[183]
File: Figures/img_p229_0.png Graphic file (type bmp)
<Figures/img_p229_0.png>
File: Figures/img_p229_1.png Graphic file (type bmp)
<Figures/img_p229_1.png>
 [184]
File: Figures/img_p231_0.png Graphic file (type bmp)
<Figures/img_p231_0.png>
 [185]
File: Figures/img_p233_0.png Graphic file (type bmp)
<Figures/img_p233_0.png>
File: Figures/img_p234_0.png Graphic file (type bmp)
<Figures/img_p234_0.png>
 [186]
File: Figures/img_p235_0.png Graphic file (type bmp)
<Figures/img_p235_0.png>
File: Figures/img_p235_1.png Graphic file (type bmp)
<Figures/img_p235_1.png>

Underfull \vbox (badness 10000) has occurred while \output is active []

 [187]
[188]
File: Figures/img_p239_0.png Graphic file (type bmp)
<Figures/img_p239_0.png>
 [189] [190]
File: Figures/img_p243_0.png Graphic file (type bmp)
<Figures/img_p243_0.png>

Overfull \hbox (10.57507pt too wide) in paragraph at lines 713--718
[]\TU/TimesNewRoman(0)/m/n/10.95 Lớp \TU/lmtt/m/n/10.95 String \TU/TimesNewRoma
n(0)/m/n/10.95 cũng có một biến thể đặc biệt của phương thức \TU/lmtt/m/n/10.95
 equals \TU/TimesNewRoman(0)/m/n/10.95 có tên là \TU/lmtt/m/n/10.95 equalsIgnor
eCase
 []

[191]
File: Figures/img_p245_0.png Graphic file (type bmp)
<Figures/img_p245_0.png>
 [192]
File: Figures/img_p246_0.png Graphic file (type bmp)
<Figures/img_p246_0.png>
File: Figures/img_p246_1.png Graphic file (type bmp)
<Figures/img_p246_1.png>
File: Figures/img_p247_0.png Graphic file (type bmp)
<Figures/img_p247_0.png>
File: Figures/img_p247_1.png Graphic file (type bmp)
<Figures/img_p247_1.png>
 [193] [194] [195]
File: Figures/img_p254_0.png Graphic file (type bmp)
<Figures/img_p254_0.png>
File: Figures/img_p254_1.png Graphic file (type bmp)
<Figures/img_p254_1.png>
File: Figures/img_p254_2.png Graphic file (type bmp)
<Figures/img_p254_2.png>
File: Figures/img_p254_3.png Graphic file (type bmp)
<Figures/img_p254_3.png>
File: Figures/img_p255_0.png Graphic file (type bmp)
<Figures/img_p255_0.png>
 [196]
File: Figures/img_p255_1.png Graphic file (type bmp)
<Figures/img_p255_1.png>
File: Figures/img_p255_2.png Graphic file (type bmp)
<Figures/img_p255_2.png>
 [197] [198] [199] [200] [201] [202]
[203]
File: Figures/img_p275_0.png Graphic file (type bmp)
<Figures/img_p275_0.png>
 [204] [205]
File: Figures/img_p279_0.png Graphic file (type bmp)
<Figures/img_p279_0.png>
 [206] [207] [208]
File: Figures/img_p286_0.png Graphic file (type bmp)
<Figures/img_p286_0.png>
 [209] [210] [211] [212] [213]
Overfull \hbox (16.8192pt too wide) in paragraph at lines 2241--2249
[]\TU/TimesNewRoman(0)/m/n/10.95 Thông báo cho biết chương trình \TU/lmtt/m/n/1
0.95 Factorial2 \TU/TimesNewRoman(0)/m/n/10.95 đã dừng chạy vì một \TU/lmtt/m/n
/10.95 IllegalArgumentException
 []

File: Figures/img_p301_0.png Graphic file (type bmp)
<Figures/img_p301_0.png>
[214]
File: Figures/img_p301_1.png Graphic file (type bmp)
<Figures/img_p301_1.png>
 [215] [216]) [217]
\openout2 = `chapters_tex/chapter_05.aux'.

 (chapters_tex/chapter_05.tex [218




]
Chương 5.
File: Pictures/chapter_head_1.pdf Graphic file (type pdf)
<use Pictures/chapter_head_1.pdf>
LaTeX Font Info:    Font shape `TU/lmtt/bx/n' in size <12> not available
(Font)              Font shape `TU/lmtt/b/n' tried instead on input line 3.
) [219] [220



]
File: Pictures/chapter_head_1.pdf Graphic file (type pdf)
<use Pictures/chapter_head_1.pdf>


Package biblatex Warning: Type 'book' not found on input line 130.


LaTeX Warning: Empty bibliography on input line 130.


Package biblatex Warning: Type 'article' not found on input line 133.


LaTeX Warning: Empty bibliography on input line 133.

[221] [222

]
No file main.ind.
\tf@ptc=\write7
\openout7 = `main.ptc'.

(main.aux (chapters_tex/chapter_01.aux) (chapters_tex/chapter_02.aux)
(chapters_tex/chapter_03.aux) (chapters_tex/chapter_04.aux)
(chapters_tex/chapter_05.aux))
 ***********
LaTeX2e <2025-11-01>
L3 programming layer <2025-12-24>
 ***********


LaTeX Warning: There were multiply-defined labels.

Package logreq Info: Writing requests to 'main.run.xml'.
\openout1 = `main.run.xml'.

 ) 
Here is how much of TeX's memory you used:
 38767 strings out of 402986
 776431 string characters out of 5448504
 1805452 words of memory out of 5000000
 66795 multiletter control sequences out of 15000+600000
 639376 words of font info for 141 fonts, out of 8000000 for 9000
 1348 hyphenation exceptions out of 8191
 89i,13n,107p,1003b,4587s stack positions out of 10000i,1000n,20000p,200000b,200000s

Output written on main.pdf (222 pages).
